index,driver_id,name,age,experience,driving_style,ratings,vehicle_no,average_speed_mph,event_date
0,d9f30553-6,Daniel Marks,47,5.0,proactive,7,42302347,62.22,2024-09-19
1,82de7bb8-2,Clifford Carr,47,14.0,proactive,4,27867488,60.89,2024-09-19
2,7e789842-4,Terry Faulkner MD,41,9.0,conservative,2,13927774,53.67,2024-09-19
3,b2555587-8,Brendan Jacobs,44,10.0,proactive,2,69577118,59.82,2024-09-19
4,b2e58421-d,Vincent Davis,41,10.0,proactive,7,28650047,62.65,2024-09-19
5,6ef125cc-7,Alexander Wheeler,49,10.0,proactive,4,29303248,57.66,2024-09-19
6,e2796d38-5,Frederick Perry,54,17.0,conservative,9,76304377,40.79,2024-09-19
7,86b61bd1-8,Todd Garrison,49,5.0,proactive,4,21093078,61.7,2024-09-19
8,24d78a24-e,John Anthony,48,0.0,conservative,3,41713749,42.15,2024-09-19
9,09665f38-8,Robert Russell DDS,40,6.0,conservative,2,14730346,46.49,2024-09-19
10,0a1a814b-7,Emily Christian,56,19.0,proactive,4,45395833,62.13,2024-09-19
11,6c5cb5b0-f,Jared Palmer,46,13.0,proactive,8,63115903,60.13,2024-09-19
12,ddf2137b-9,Robert Tucker,50,10.0,conservative,7,10633538,49.87,2024-09-19
13,a3fff7b4-5,Randall Hernandez,55,14.0,proactive,6,32648498,58.28,2024-09-19
14,0dc6fcfe-f,Steven Williams,45,18.0,proactive,4,30567382,60.77,2024-09-19
15,2f2e8d57-9,Joshua Martinez,46,9.0,conservative,3,27799951,38.87,2024-09-19
16,cf474820-2,Antonio Hughes,49,19.0,conservative,4,28678505,46.85,2024-09-19
17,6beb538f-f,Thomas Wilson,44,11.0,conservative,4,27565604,43.93,2024-09-19
18,25ee5381-f,Kyle Miller,51,18.0,proactive,7,11490614,57.49,2024-09-19
19,458fb6c9-c,Shirley Wilson,51,25.0,conservative,4,77945069,48.95,2024-09-19
20,1ed64257-3,Steven Walton,43,10.0,proactive,3,96362807,54.95,2024-09-19
21,41d949f2-1,Dr. Dakota Thomas,43,5.0,proactive,3,14370115,59.43,2024-09-19
22,026b6855-6,Scott Jennings,45,9.0,proactive,7,13680498,62.16,2024-09-19
24,0ff54fff-3,James Taylor,55,23.0,proactive,4,14407628,59.04,2024-09-19
25,6e8acd6e-7,Lee Thompson,44,13.0,proactive,4,29781564,56.85,2024-09-19
26,933fba70-5,Ronald Moore,45,9.0,proactive,7,17743573,62.59,2024-09-19
27,adaa60e8-1,Charles Adams,43,4.0,proactive,4,25645401,60.74,2024-09-19
28,c81cfed6-d,Kenneth Jones,54,18.0,proactive,6,24287743,56.12,2024-09-19
29,9a267df3-a,Walter Webb,44,7.0,proactive,8,33014292,62.2,2024-09-19
30,1aadd95f-1,David Frye,50,10.0,conservative,8,18910102,41.03,2024-09-19
31,e51bfb50-7,Christopher Hunter,46,7.0,proactive,8,17139230,59.36,2024-09-19
32,0fc4a002-7,Andrew Williams,51,18.0,proactive,6,21001184,60.21,2024-09-19
33,4bed124f-5,Steven Mccoy,53,15.0,proactive,4,27274345,63.16,2024-09-19
34,a0e27c93-a,Jay Hernandez,44,6.0,proactive,7,31908174,61.84,2024-09-19
35,09a3aa73-5,Gary Smith,49,14.0,proactive,4,14541120,63.42,2024-09-19
36,dee63462-9,Nicholas Jacobson,37,7.0,proactive,2,28389523,59.53,2024-09-19
37,03a30b47-b,Alexander Malone,53,24.0,proactive,4,33201533,61.75,2024-09-19
38,0ebf15b7-1,Nathaniel Young,45,10.0,conservative,2,25886492,44.95,2024-09-19
39,4a45dc37-f,Alexander Wright,43,4.0,conservative,8,14654654,45.29,2024-09-19
40,5a450fab-c,Robert Silva,44,11.0,conservative,8,27381592,43.81,2024-09-19
41,9f7ae89e-7,Michael Holt,46,18.0,proactive,8,24123509,60.31,2024-09-19
42,36f9be84-1,William Carroll,46,7.0,conservative,4,81904066,44.02,2024-09-19
43,7e00231d-5,Isaac Martin,49,17.0,conservative,7,22653688,39.27,2024-09-19
44,ac199cbb-0,Thomas Harris,44,16.0,conservative,4,15561135,39.32,2024-09-19
45,38bef06a-9,Wayne Austin,49,8.0,conservative,8,21945481,42.63,2024-09-19
46,a93aa732-6,Brian Hull PhD,45,9.0,conservative,2,23059473,49.41,2024-09-19
47,41cacbc8-c,Brandon Osborn,46,5.0,proactive,2,91138034,63.57,2024-09-19
48,9c4d8a3a-e,Gregory Swanson,46,10.0,conservative,2,29906375,50.83,2024-09-19
49,2ceb9726-d,Christopher Reeves,41,4.0,proactive,8,11346582,57.43,2024-09-19
50,9dd98702-6,Gary Hernandez,50,14.0,proactive,4,61292553,59.89,2024-09-19
51,429243ad-1,Joshua Stewart,41,10.0,conservative,2,29349534,50.52,2024-09-19
52,85ab8007-b,Dillon Cruz,48,13.0,conservative,6,16290844,54.29,2024-09-19
53,88599225-0,Jeremy Curtis,45,11.0,conservative,6,23060231,45.3,2024-09-19
54,6218d4cd-2,Timothy Huynh,54,22.0,conservative,4,16825520,42.4,2024-09-19
55,7d2e5100-d,Jason Bowman Jr.,46,14.0,conservative,6,31955961,45.49,2024-09-19
56,568c284b-b,Christopher Lopez,56,24.0,conservative,6,23826257,49.9,2024-09-19
57,347ecab4-9,Randy Brown,55,12.0,conservative,4,14902476,33.15,2024-09-19
58,333ea761-e,Albert Gillespie,57,26.0,conservative,4,24774056,44.76,2024-09-19
59,2236f7dd-a,James Lynch,55,19.0,proactive,9,27618452,58.16,2024-09-19
60,62c961b4-5,Christopher Ramirez,45,12.0,proactive,8,56498624,60.67,2024-09-19
61,ec9fae02-e,Rachel Hutchinson,48,14.0,conservative,8,25523248,45.35,2024-09-19
62,99d461e9-9,Jeffrey Simmons,51,15.0,proactive,6,12298240,60.17,2024-09-19
63,78db4b86-2,Wanda Crosby,45,7.0,proactive,8,31825609,56.88,2024-09-19
64,45b11b01-6,Greg Gallagher,40,2.0,conservative,2,12052665,43.79,2024-09-19
65,7ac45525-d,Thomas Jones,57,17.0,proactive,4,30977437,58.88,2024-09-19
66,3aa0be49-8,William Jenkins,42,8.0,conservative,7,30594654,45.96,2024-09-19
67,c3362ffc-f,Brian Garcia,49,5.0,conservative,8,28978466,45.73,2024-09-19
68,ba25cb5d-b,Edward Myers,42,7.0,conservative,7,43346401,49.63,2024-09-19
69,87aa032b-9,Allen Smith,51,24.0,proactive,9,17464939,57.72,2024-09-19
70,f714636b-e,Lucas Shaw,42,9.0,proactive,8,31794890,59.95,2024-09-19
71,5b23dec7-d,Stephen Adkins,53,14.0,conservative,5,29006962,47.01,2024-09-19
73,f6651928-a,Patrick Harvey,48,14.0,proactive,8,22154304,59.38,2024-09-19
74,69402b67-d,Shane Adams,42,16.0,conservative,4,15000219,39.1,2024-09-19
75,bffd45a8-f,Brian Wong,48,11.0,proactive,4,12155785,57.9,2024-09-19
76,16fc54dd-b,Melvin Lopez,43,10.0,proactive,4,22622421,61.8,2024-09-19
77,1613697d-4,Joshua Martinez,46,16.0,proactive,7,31889845,59.85,2024-09-19
78,2b75b6b5-0,Caleb Smith,52,26.0,conservative,9,10630400,39.16,2024-09-19
79,d1a8a27c-5,Christopher Rodriguez,54,22.0,proactive,8,12742295,62.13,2024-09-19
80,e89cec01-6,Christopher Pierce,54,16.0,conservative,6,83629587,35.84,2024-09-19
81,529f1b7a-6,Jeffrey Norman,44,12.0,proactive,8,10390308,60.14,2024-09-19
82,965d7153-f,Michael Colon,50,15.0,proactive,4,17374677,58.91,2024-09-19
83,1e894eef-8,Jorge Smith,46,12.0,proactive,5,22563087,59.34,2024-09-19
84,a1897dc0-7,Joel Lawson,49,7.0,proactive,8,48597864,64.47,2024-09-19
85,1453a099-e,Michael Ross,50,17.0,conservative,6,28921384,45.29,2024-09-19
86,ff7b8428-5,Daniel Jones,50,6.0,proactive,7,31363807,59.91,2024-09-19
87,1148d786-d,Michael Rodriguez,54,26.0,conservative,9,56029484,54.72,2024-09-19
88,c8c2d621-6,Thomas Stephens,49,27.0,conservative,6,11232163,51.78,2024-09-19
89,29f8f9a7-2,Larry Neal,60,13.0,conservative,4,85069715,40.3,2024-09-19
90,f76348b4-0,Allison Myers,44,2.0,proactive,2,18653108,59.32,2024-09-19
91,2650aff1-2,David Santana,45,17.0,conservative,8,11759429,44.85,2024-09-19
92,63acb645-b,Andrew Wells,49,15.0,proactive,5,95354743,59.01,2024-09-19
93,cde99245-3,Timothy Garner,47,6.0,conservative,7,18441286,45.03,2024-09-19
94,79447aba-9,Edward Perez,47,8.0,conservative,4,24356102,55.09,2024-09-19
95,cce976d0-5,Joseph Mclaughlin,47,8.0,conservative,2,20212074,49.7,2024-09-19
96,44cd2206-b,Jenna Robertson,49,0.0,proactive,4,18850246,60.32,2024-09-19
97,48129db6-8,Juan Harris,45,7.0,proactive,7,64894212,60.93,2024-09-19
98,ceeedb8d-8,Douglas Jackson,49,15.0,proactive,6,10509722,57.94,2024-09-19
99,c2788218-0,Zachary Lee,45,11.0,conservative,8,23496275,42.49,2024-09-19
100,15533ba0-c,David Meadows,43,7.0,conservative,2,16668142,50.1,2024-09-19
101,a17d5cbf-7,Kenneth Johnson,50,7.0,proactive,8,31312028,62.11,2024-09-19
102,475a27f6-6,Alan Terrell,50,2.0,conservative,8,25805634,40.44,2024-09-19
103,e6b028af-a,Judith Carter,56,15.0,proactive,5,38324855,61.81,2024-09-19
104,2363c29b-1,Zachary Hardy,41,4.0,conservative,8,21949967,41.56,2024-09-19
105,3fda789a-a,James Marquez,51,24.0,proactive,8,30336823,60.01,2024-09-19
106,33468a5b-7,Gabriel Cox,45,10.0,proactive,3,19486564,56.59,2024-09-19
107,1c103526-1,Thomas Shields,43,13.0,proactive,4,26739096,63.78,2024-09-19
108,faacdded-2,Richard Williams,55,19.0,conservative,7,15060086,41.22,2024-09-19
109,0a554008-3,Tyler Wright,48,16.0,conservative,4,19350992,43.68,2024-09-19
110,14e76551-2,Christopher Lee,40,8.0,conservative,7,21999423,46.78,2024-09-19
111,2a80835e-b,Jonathan Ramirez,42,10.0,conservative,7,80740040,47.41,2024-09-19
112,596c286f-1,Tyler Aguilar,37,3.0,proactive,2,29378614,61.74,2024-09-19
113,6d838268-c,Curtis Wilson,49,8.0,proactive,4,16928992,62.06,2024-09-19
114,0b892627-4,Christopher Reid,45,15.0,proactive,5,84586269,60.45,2024-09-19
115,23fd0af5-7,Stephen Flynn,39,6.0,proactive,7,81874052,57.65,2024-09-19
116,9a9b897e-9,Jeremy Dennis,57,28.0,proactive,9,23898198,64.32,2024-09-19
117,9888afbd-f,Jonathan Evans,43,12.0,proactive,6,84896559,59.66,2024-09-19
118,c98b7c39-9,Jaime Payne,54,17.0,proactive,8,16511798,61.52,2024-09-19
119,5373706d-3,Scott Morton,57,21.0,conservative,9,10747274,49.47,2024-09-19
120,708e317f-1,Kevin Harvey,52,21.0,proactive,4,30742689,60.99,2024-09-19
121,47182424-f,Nicholas Rodriguez,50,18.0,proactive,4,52057455,60.31,2024-09-19
122,f32a2d3b-e,Thomas George,45,7.0,conservative,3,25120714,44.82,2024-09-19
123,d6543816-7,Cole Yang,53,22.0,conservative,6,14509814,40.82,2024-09-19
124,c0ddddfb-e,Michael Harrison,45,8.0,proactive,4,14875808,60.1,2024-09-19
125,862f8e33-8,Laura Ramirez,48,2.0,proactive,8,13172330,58.58,2024-09-19
126,964924a7-7,Michele Cunningham,51,17.0,conservative,8,30973015,47.02,2024-09-19
127,d94408b4-5,Jerry Walker,50,15.0,conservative,6,96814728,50.43,2024-09-19
128,171616bb-5,Maxwell Perez,47,17.0,conservative,6,33571967,46.67,2024-09-19
129,236af066-e,Joseph Anderson,47,16.0,conservative,4,30423343,42.6,2024-09-19
130,9cb46965-d,Michael Smith,44,17.0,proactive,4,22705355,64.42,2024-09-19
131,87340b37-5,Ryan Barrera Jr.,40,3.0,conservative,7,25558384,41.24,2024-09-19
132,3f1c854c-b,Brooke Owens,51,19.0,conservative,7,28713449,47.11,2024-09-19
133,1fc1302f-9,Paul Thompson,45,0.0,proactive,2,20724268,62.66,2024-09-19
134,37aae8ab-7,Thomas Robinson,44,3.0,proactive,7,24350497,57.43,2024-09-19
135,a695aaf0-c,Lori Abbott,46,16.0,conservative,8,14849907,48.1,2024-09-19
136,655d7bc8-0,Kevin Benton,41,6.0,conservative,8,82265012,49.74,2024-09-19
137,f0faad01-0,Christopher Garcia,59,23.0,conservative,8,19675258,44.9,2024-09-19
138,71dd6c7d-5,Jeremiah Cunningham,46,13.0,proactive,6,14720175,64.48,2024-09-19
139,786d5c01-1,Gilbert Hunt,50,14.0,conservative,6,11889158,48.54,2024-09-19
140,8840b070-4,Devin Evans,43,6.0,proactive,2,21716796,60.19,2024-09-19
141,c0dd30e1-4,Mark King,50,9.0,proactive,4,17260588,61.66,2024-09-19
142,f58818ed-c,Jeffrey Owens,49,14.0,conservative,6,90863204,47.74,2024-09-19
143,b722825b-3,Matthew Allison,59,18.0,conservative,6,99047862,44.91,2024-09-19
144,c04060a7-2,Michael Roach,48,20.0,proactive,7,51580610,58.74,2024-09-19
145,068cde98-3,Christian Bell,54,16.0,conservative,8,16618542,44.1,2024-09-19
146,b03daa3f-a,Richard Johnson,42,18.0,conservative,8,73014961,37.08,2024-09-19
147,4e89bc02-5,Albert Flores,49,8.0,proactive,3,23024395,61.12,2024-09-19
148,8ac28709-9,James Herrera,46,12.0,proactive,8,32383950,59.0,2024-09-19
149,19eaa001-f,Wesley Rogers,52,31.0,proactive,7,57863670,60.2,2024-09-19
150,9d1925f0-4,Christopher White III,54,8.0,proactive,2,20276394,59.68,2024-09-19
151,87a34a65-1,Ronald Campbell,50,12.133540372670808,conservative,4,21928760,35.2,2024-09-19
152,b4e30f5e-8,Jose Terry,53,11.0,proactive,6,27433073,61.16,2024-09-19
153,45e3916e-1,Raymond Johnson,50,10.0,proactive,3,25670063,61.65,2024-09-19
154,a11be83c-d,Adam Hogan,52,22.0,proactive,6,27082207,63.63,2024-09-19
155,12a42159-a,Matthew Daugherty,44,11.0,conservative,8,10787409,51.4,2024-09-19
156,4635b4e0-e,Mr. Ryan Spencer,44,10.0,proactive,8,21873226,65.56,2024-09-19
157,fc9abece-7,Michael Mitchell Jr.,52,20.0,conservative,7,10455714,50.59,2024-09-19
158,74fad5e6-9,Hunter Ruiz,53,14.0,proactive,6,53208128,57.85,2024-09-19
159,267215f2-0,Jonathan Rodriguez,58,18.0,proactive,4,29061230,59.82,2024-09-19
160,8549bad4-1,Sandra Clark,46,15.0,conservative,8,25822301,41.56,2024-09-19
161,8f54346a-a,Michael Reed,42,6.0,conservative,8,59964723,43.73,2024-09-19
162,429f172b-4,Dustin Fuller,52,20.0,proactive,9,27828495,59.52,2024-09-19
163,56d626be-1,Kevin Miller,41,2.0,proactive,4,79272556,59.77,2024-09-19
164,cbd29c89-3,Justin Johnson,42,10.0,proactive,7,22421199,60.27,2024-09-19
165,f0825628-c,Willie Roberts,51,12.0,conservative,4,65204544,40.52,2024-09-19
166,4f095e16-d,Christopher Baker,39,4.0,conservative,2,22563920,39.94,2024-09-19
167,a0a6a92a-b,David Marks,49,12.0,conservative,6,21011340,47.68,2024-09-19
168,f5038eef-b,Emily Kerr,55,8.0,proactive,3,24444155,56.41,2024-09-19
169,1ea20dc1-9,Michael Long,51,21.0,conservative,9,10048865,39.03,2024-09-19
170,f7b58246-e,Brian Goodwin,39,6.0,proactive,7,28529541,59.09,2024-09-19
171,481191d8-1,Jay Bishop,44,9.0,conservative,7,23639934,42.24,2024-09-19
172,8ca83e98-1,William Graham,45,14.0,proactive,4,32479492,61.01,2024-09-19
173,8414372e-3,Robert Archer,49,6.0,conservative,2,11972697,42.61,2024-09-19
174,e97b8167-3,Ryan Stark,44,2.0,conservative,3,28331634,43.74,2024-09-19
175,5fe1a58e-8,Jeff Alexander,41,13.0,conservative,6,15421875,54.35,2024-09-19
176,42aa7479-5,Jerry Powers,41,7.0,conservative,2,61984883,56.94,2024-09-19
177,d99f1074-9,Randall Campbell,42,11.0,conservative,6,27086559,39.88,2024-09-19
178,e7e3e7da-2,Jeffrey Lowe,50,12.0,proactive,5,16325476,58.05,2024-09-19
179,0c5b1374-e,Kyle Vega,56,13.0,proactive,4,32241370,59.0,2024-09-19
180,1edde37a-f,Christine Garrett,54,28.0,proactive,9,27772723,58.15,2024-09-19
182,d5d434a1-8,Stephen Ward,49,20.0,proactive,4,28674842,62.2,2024-09-19
183,8a8e4814-6,Mr. Robert Schmidt,57,20.0,conservative,6,21026790,56.15,2024-09-19
184,9475fe9c-0,Zachary Hayes,46,1.0,proactive,8,16560736,64.15,2024-09-19
185,b92c4942-a,Brian House,54,21.0,conservative,7,46155960,41.33,2024-09-19
186,a92ee29c-0,Joe Dixon,48,7.0,proactive,2,25366317,63.05,2024-09-19
187,2d66ca5e-4,Derek Wheeler,51,12.0,proactive,5,12773858,62.35,2024-09-19
188,05201bbe-4,Thomas Howard,49,2.0,proactive,2,25556132,58.97,2024-09-19
189,b15b4ade-d,Debra Murphy,43,6.0,conservative,8,66365909,38.15,2024-09-19
190,6881fbbf-1,Daniel Santos,50,10.0,conservative,3,27998086,45.85,2024-09-19
191,baf19ca4-4,Craig Harmon,49,16.0,conservative,9,26687586,49.27,2024-09-19
192,0a35a473-0,Kevin Moore,47,13.0,conservative,6,32984940,51.7,2024-09-19
193,171f9a04-3,Manuel Carter,43,4.0,proactive,2,24220764,59.04,2024-09-19
194,9ecd85e8-f,Douglas Rhodes,48,23.0,proactive,4,85990603,63.37,2024-09-19
195,b82e9615-a,Allen Palmer,49,19.0,proactive,4,75281181,66.51,2024-09-19
196,b2facde6-1,Jason Blake,53,19.0,proactive,9,33546317,58.62,2024-09-19
197,8069f0e0-1,Matthew Bender,59,20.0,proactive,7,91877740,56.64,2024-09-19
198,fb2160bb-4,Ronald Trujillo,47,10.0,proactive,4,88471068,56.53,2024-09-19
199,164e58ea-8,David Middleton,37,6.0,proactive,3,19380767,63.95,2024-09-19
200,0ba91fac-b,Ralph Coleman,44,2.0,conservative,3,15242565,41.43,2024-09-19
201,4f8c73b4-e,Roger Dawson,49,10.0,conservative,7,25577731,38.39,2024-09-19
202,641f9f43-7,Joseph Lopez,45,2.0,conservative,2,77969688,46.12,2024-09-19
203,a484098f-c,Brendan Mcdowell,52,16.0,conservative,7,31295807,54.78,2024-09-19
204,5050d6b3-b,Maurice Howe,53,26.0,proactive,6,10234289,61.97,2024-09-19
205,bac63129-c,Carl Jones,49,9.0,proactive,2,22220018,59.77,2024-09-19
206,cd0764ef-b,Chad Harper,54,17.0,proactive,8,21260443,59.56,2024-09-19
207,b412d610-c,Earl Watson,60,16.0,conservative,7,29008685,39.7,2024-09-19
208,674a87d1-2,Devin Ferguson,47,2.0,proactive,2,47842104,60.58,2024-09-19
209,e7c8572f-2,Eric Collins,55,14.0,proactive,6,48123356,55.7,2024-09-19
210,728ab9fc-f,John Vasquez,47,4.0,conservative,4,18855810,48.03,2024-09-19
211,68537076-0,Matthew Keith,47,21.0,conservative,6,29135433,46.2,2024-09-19
212,ade77da8-5,Bryce Mills,47,12.0,proactive,6,13131138,59.33,2024-09-19
213,930ece15-4,Brian Ibarra,53,22.0,proactive,8,10375958,58.38,2024-09-19
214,effe4a4d-0,Michael Jacobs,47,10.0,proactive,8,18882093,61.46,2024-09-19
215,52cd4b6d-b,David Murray,54,18.0,conservative,7,88252334,42.02,2024-09-19
216,10fefcda-a,Joseph Kelly,44,11.0,proactive,5,30794834,63.11,2024-09-19
217,1ab17a1f-1,Joshua Johnson,45,2.0,proactive,2,23236058,57.65,2024-09-19
218,d5644b96-e,Steven Knight,51,29.0,proactive,8,61926000,59.03,2024-09-19
219,53f3f0fb-d,Patrick Fuentes,39,5.0,conservative,3,21539605,47.22,2024-09-19
220,2b88c816-4,Jack Clark,48,3.0,proactive,3,21111802,60.85,2024-09-19
221,ad8c2512-8,Cody Rodriguez,50,0.0,conservative,7,26872264,39.99,2024-09-19
222,c6531bfc-e,Rickey Huffman,48,9.0,proactive,7,22209237,60.31,2024-09-19
223,a62f8d6c-a,Joshua Fox,41,3.0,conservative,3,24288637,44.7,2024-09-19
224,fdca190c-6,Joshua Cunningham,54,12.0,proactive,4,14046819,58.14,2024-09-19
225,bc7ad4a3-f,James West DVM,52,26.0,conservative,8,21048046,44.61,2024-09-19
226,3404787b-9,Samuel Glenn,45,16.0,conservative,7,33921946,36.3,2024-09-19
227,137b95c6-0,Stephen Thomas,51,14.0,proactive,6,11191961,59.57,2024-09-19
228,aff09de3-4,Sandra Wilson,44,13.0,conservative,6,50064164,44.74,2024-09-19
229,72e45008-5,Julia Graham,50,8.0,conservative,3,17867711,29.15,2024-09-19
230,104148a5-8,James Dillon,56,21.0,proactive,7,23821505,60.48,2024-09-19
231,23ce5c81-1,Gregory Reese,47,18.0,conservative,9,24429827,44.65,2024-09-19
232,42e3b1d9-0,Matthew Mcintyre,52,20.0,proactive,9,31669111,62.25,2024-09-19
233,6fa768ae-1,Theodore Mcknight,53,25.0,conservative,9,64315497,49.91,2024-09-19
234,8c1c1f68-8,Joseph Escobar,50,4.0,conservative,8,26753518,43.06,2024-09-19
235,04ddb4b5-c,Matthew Taylor,41,6.0,conservative,2,28507630,39.81,2024-09-19
236,5f313de1-7,Raymond Larson,47,13.0,conservative,6,46115322,47.14,2024-09-19
237,0c88d91e-a,John Anderson,49,5.0,conservative,8,29054232,46.17,2024-09-19
238,18bb0a33-b,Daniel Garcia,46,15.0,proactive,4,99981667,61.52,2024-09-19
239,79a86de6-6,Derek Johnson,46,12.0,conservative,5,18507407,49.89,2024-09-19
240,e86e3e1e-f,John Alexander,51,18.0,conservative,4,17036941,35.58,2024-09-19
241,71c1bcb0-b,Leonard Austin,45,8.0,conservative,3,10966168,43.4,2024-09-19
242,b5ae3f86-a,Mark Harper,47,12.0,proactive,8,24859292,60.66,2024-09-19
243,b950f2d6-0,Katie Armstrong,45,14.0,conservative,6,28411080,42.94,2024-09-19
244,7b09d220-0,Jennifer Johnson,51,12.0,proactive,8,24803038,57.47,2024-09-19
245,709b8ecd-0,Stanley Bowen,37,4.0,conservative,3,29791384,43.66,2024-09-19
246,c61f363d-6,Shawn Johnson,49,2.0,conservative,2,28641704,47.86,2024-09-19
247,700ceed1-0,Joshua Mccarthy,52,15.0,proactive,6,18255500,58.11,2024-09-19
248,ccabea2a-2,Alexander Fischer,46,5.0,conservative,2,33250272,42.96,2024-09-19
249,220681b9-b,Todd Ferguson,51,25.0,conservative,8,12183762,45.43,2024-09-19
250,4cfdec80-4,David Beasley,46,7.0,proactive,3,26874710,58.65,2024-09-19
251,050367e3-6,Lucas Salazar,44,19.0,proactive,7,41797401,61.94,2024-09-19
252,a03a186d-9,Amanda Alvarado,45,4.0,proactive,4,21265684,56.85,2024-09-19
253,fa8b479d-1,Michael Jones,49,6.0,proactive,8,25314663,56.34,2024-09-19
254,1fd44b40-8,Jacob Thompson,46,4.0,proactive,4,29121332,59.33,2024-09-19
255,01d70c5c-0,Adam Wall,42,9.0,conservative,7,19289011,43.5,2024-09-19
256,bbadc458-9,William Long,45,13.0,proactive,4,10495266,59.39,2024-09-19
257,21f4c209-9,Mark Garcia,50,6.0,proactive,3,14732208,57.66,2024-09-19
258,73abe416-e,David Kennedy,48,12.133540372670808,conservative,8,24034677,42.67,2024-09-19
259,608b2366-0,Jeremy Huynh Jr.,57,18.0,conservative,7,26911166,43.92,2024-09-19
260,382b4721-c,Teresa Fields,56,17.0,proactive,9,68430851,63.59,2024-09-19
262,9deada91-f,Samuel Lane,51,28.0,conservative,7,20482428,43.75,2024-09-19
263,c0cc3366-f,Christopher Knight,49,12.133540372670808,proactive,8,31840617,58.94,2024-09-19
264,0627ed4d-7,Andre Hayes,49,6.0,conservative,8,32293070,43.85,2024-09-19
265,93c4a4c3-7,James Horn,46,7.0,conservative,2,32668232,49.34,2024-09-19
266,90ddbc80-4,Stephen Salinas,45,3.0,conservative,7,26165649,43.15,2024-09-19
267,cecc7454-3,Jose Chavez,54,15.0,proactive,5,16013013,63.15,2024-09-19
268,ed4938a6-0,Cody Hernandez,52,17.0,conservative,7,21103543,44.58,2024-09-19
269,35e07ef6-b,Jason Lopez,47,9.0,proactive,8,58330582,65.42,2024-09-19
270,820d9ff8-b,Benjamin David,39,3.0,proactive,3,24929825,64.0,2024-09-19
271,afbdca73-9,Gregory Christensen,43,4.0,proactive,2,41046509,61.57,2024-09-19
272,a7dce199-a,Jack Mahoney,53,19.0,conservative,4,39580514,54.06,2024-09-19
273,db3ece3c-a,Angel Ramirez,39,4.0,conservative,3,26459758,47.94,2024-09-19
274,38887959-b,Dr. Fernando Ross PhD,45,12.0,conservative,6,15048376,39.53,2024-09-19
275,a72750a6-d,Mr. Wayne Smith,52,27.0,conservative,7,29106045,38.86,2024-09-19
276,11ecb456-e,Michael Jones,45,11.0,conservative,4,32255566,35.32,2024-09-19
277,a76e7461-9,Earl Hicks,56,27.0,conservative,7,11973768,46.85,2024-09-19
278,9c30acb6-0,Daniel Duran,48,1.0,proactive,7,80470212,55.19,2024-09-19
279,92540a72-f,Dennis Moore,45,11.0,proactive,5,22112064,63.3,2024-09-19
280,7efdb081-c,Tyler Smith,47,11.0,proactive,5,22239531,56.31,2024-09-19
281,5001910e-8,Carlos Torres,38,9.0,proactive,2,27585963,63.31,2024-09-19
282,910f3022-1,Richard Kaufman,44,16.0,conservative,4,93257833,48.2,2024-09-19
283,588aa178-e,Brian Rice,45,10.0,conservative,4,95696710,43.35,2024-09-19
284,d5690adc-e,Ronald Clark,46,14.0,conservative,6,27668566,40.5,2024-09-19
285,7535bd61-4,Robert Watts,47,12.0,proactive,5,15886277,62.02,2024-09-19
286,9ca620ed-f,Sean Hester MD,47,9.0,proactive,3,26079111,59.3,2024-09-19
287,4b6a3c38-a,Roy Banks,54,25.0,conservative,7,22913195,48.23,2024-09-19
288,3a57cef3-0,Allen Finley,45,11.0,conservative,8,13439737,47.51,2024-09-19
289,d7a7df84-7,James Phelps,50,6.0,proactive,4,16640575,58.44,2024-09-19
290,b2fa68dd-5,Jacob Carney,50,6.0,proactive,8,10366123,66.02,2024-09-19
291,cafc12ae-5,William Smith,47,13.0,conservative,4,14262671,36.52,2024-09-19
292,6af718cd-c,Steven Carter,47,7.0,conservative,4,99568033,44.26,2024-09-19
293,929cbba3-3,Brent Sullivan,46,8.0,conservative,7,20558404,43.69,2024-09-19
294,0bfe97cd-6,Robert Burgess,57,21.0,conservative,6,26511178,42.01,2024-09-19
295,04d676c2-e,Jeffrey Fletcher,53,11.0,proactive,6,25773008,62.33,2024-09-19
296,0e309295-2,Jon Medina,50,12.0,proactive,5,14688558,59.6,2024-09-19
297,ffd27bbf-4,Matthew Young,46,13.0,conservative,5,14915064,44.2,2024-09-19
298,fde76a0f-7,Dr. Chad Garza,40,5.0,proactive,3,57473533,64.71,2024-09-19
299,d41bb265-6,Daniel Smith,53,20.0,conservative,7,26768431,47.15,2024-09-19
300,fe21ef5a-2,Jeffrey Arnold,58,16.0,conservative,7,24964335,40.37,2024-09-19
301,3b4e4333-4,Katelyn Smith,40,6.0,proactive,8,57182671,59.5,2024-09-19
302,cb743520-d,Tyler Alvarado,39,2.0,proactive,3,30147233,62.07,2024-09-19
303,8d17386e-3,Jacob Hooper,45,12.0,conservative,6,26768849,39.05,2024-09-19
304,5e2d2820-4,Bryan Harrison,48,18.0,conservative,6,40072775,34.5,2024-09-19
305,b5ff3eba-f,David Beck,51,31.0,proactive,4,32864873,61.35,2024-09-19
306,80bb8b85-1,William Hawkins,58,18.0,conservative,9,19571575,38.25,2024-09-19
307,1b901105-8,Rodney Thompson,49,10.0,proactive,3,27565289,59.65,2024-09-19
308,70552355-c,James Johnston,47,11.0,conservative,5,13603119,44.32,2024-09-19
309,ddcaf636-8,Christopher Rubio,57,9.0,proactive,8,31057269,59.95,2024-09-19
310,366688ee-c,Matthew Lindsey,42,6.0,conservative,4,50812426,37.74,2024-09-19
311,710b161a-e,Philip Martinez,42,9.0,conservative,3,14357029,42.84,2024-09-19
312,53d5172e-8,Mr. Chad Howard MD,46,1.0,proactive,7,12168173,58.87,2024-09-19
313,e28312b4-c,Franklin Allison,44,12.0,proactive,6,91955140,60.33,2024-09-19
314,e8de782f-4,Barry Wood,46,6.0,proactive,2,76949042,58.63,2024-09-19
315,7ad78e78-1,Olivia Campbell,47,7.0,proactive,8,14560694,56.77,2024-09-19
316,acc7aae6-3,Stephen Travis,43,10.0,conservative,2,11189150,57.57,2024-09-19
317,02dc9437-5,George Webb,45,16.0,proactive,9,31827682,59.97,2024-09-19
318,7ac2092f-4,Peter Levy,50,5.0,proactive,4,15506849,66.34,2024-09-19
319,3803b114-1,Brandon Allen,48,10.0,conservative,2,32898016,48.17,2024-09-19
320,492923c6-d,Mrs. Joanna Kim,41,12.0,proactive,6,26375094,60.42,2024-09-19
321,75d3ea18-d,Jason Murillo,48,17.0,proactive,4,31403868,56.82,2024-09-19
322,b20652f9-3,Stephen Potter,43,7.0,proactive,2,21680317,61.58,2024-09-19
323,4f80e8fa-9,Mr. David Caldwell,50,0.0,proactive,2,26840608,59.29,2024-09-19
324,92bfcf84-8,Brady May,46,0.0,proactive,8,87277280,63.52,2024-09-19
325,22fd4c28-2,Jeremy Phillips,56,17.0,proactive,4,16815307,59.0,2024-09-19
326,9e0b82cf-e,David Morales DVM,48,12.0,conservative,6,88231513,39.22,2024-09-19
327,174eb703-c,Manuel Jimenez,42,8.0,conservative,3,22748353,29.32,2024-09-19
328,93ef04e3-f,Michael Bennett,45,9.0,proactive,8,18264020,61.46,2024-09-19
329,ea075e88-c,Thomas Barrett,38,5.0,conservative,3,29433242,42.78,2024-09-19
330,df06c7ee-1,Charles Wilson,41,10.0,conservative,3,59960001,45.07,2024-09-19
331,466eb5da-5,Jeremiah Edwards,40,2.0,conservative,3,27384735,51.78,2024-09-19
332,d4d7b8df-0,Michael Rogers,38,4.0,conservative,8,28641239,44.35,2024-09-19
333,9ed4a2d6-d,Brandon Moore,40,6.0,proactive,3,61318546,61.89,2024-09-19
334,539d9830-6,John Shaffer,46,8.0,conservative,4,25347670,47.17,2024-09-19
335,27470348-8,Christopher Small,46,6.0,proactive,8,21243568,61.59,2024-09-19
336,8f7fddf5-a,Hayley Poole,43,0.0,conservative,2,24712768,50.93,2024-09-19
337,853ccd57-2,Oscar Lawson,51,10.0,proactive,4,18273387,57.85,2024-09-19
338,bdf779af-e,Gregory Snyder,52,20.0,conservative,4,31923822,47.57,2024-09-19
339,32f94c85-2,Matthew Brown,52,21.0,proactive,6,19112093,61.04,2024-09-19
340,4734eacc-b,Kevin Reed,47,13.0,proactive,8,45849400,60.76,2024-09-19
341,4de33649-a,Linda Anthony,40,6.0,conservative,4,95491489,49.74,2024-09-19
342,49fe8aed-8,Kurt Smith,42,13.0,proactive,8,31562809,63.74,2024-09-19
343,b39db350-e,Nicholas Graham,51,16.0,conservative,6,77757333,53.06,2024-09-19
344,a740bc03-1,Alejandro Lloyd,47,6.0,proactive,8,33246891,57.38,2024-09-19
345,badb06e4-f,Jesse Thompson,48,12.0,conservative,6,51527807,45.26,2024-09-19
346,0fa8f219-7,John Wade,42,9.0,proactive,4,17787739,59.6,2024-09-19
347,aa47d9c5-c,Mr. Douglas Koch Jr.,39,4.0,conservative,2,27935116,47.15,2024-09-19
348,be94e095-e,Austin Wallace,52,18.0,conservative,9,20832950,49.54,2024-09-19
349,03463290-5,Justin Gonzalez,47,9.0,conservative,4,81965280,57.58,2024-09-19
350,464dc1f3-7,Alex Vega,42,18.0,conservative,8,50632770,44.79,2024-09-19
351,6384efe8-9,Taylor Vasquez,47,5.0,conservative,3,13631150,44.45,2024-09-19
352,d167aa52-e,Oscar Tucker,41,11.0,conservative,5,31692825,45.81,2024-09-19
353,c19bf3c7-f,Robert Mcdonald,52,13.0,conservative,8,59301367,46.56,2024-09-19
354,ae0e0727-1,James Holmes,40,3.0,conservative,4,38811305,49.68,2024-09-19
355,9d63c606-e,Darryl Gilbert,45,13.0,conservative,4,26210303,48.88,2024-09-19
356,458adb7d-5,John Coleman,50,13.0,conservative,6,17692634,45.07,2024-09-19
357,b10fcfc9-e,Tony Robbins,42,16.0,proactive,6,10946672,61.28,2024-09-19
358,24905fbf-4,Matthew Lopez,53,20.0,conservative,7,23110145,51.65,2024-09-19
359,021e6d77-9,Mr. Edward Williams,40,6.0,conservative,4,63036432,41.31,2024-09-19
360,7439660a-8,Christopher Shaw,39,4.0,conservative,2,25951646,47.45,2024-09-19
361,84a497b6-6,Jim Reed,52,25.0,conservative,9,11911595,49.45,2024-09-19
362,8b5ca0fd-7,Nathan Baker,43,6.0,proactive,8,12602955,64.11,2024-09-19
363,a1d27a4e-e,Robert Shaw,42,5.0,conservative,4,10491120,46.36,2024-09-19
364,390b8c53-d,Jason Baldwin,54,18.0,conservative,9,32501985,46.02,2024-09-19
365,e31ab2da-b,Randy Wilson,51,15.0,conservative,4,88372671,46.82,2024-09-19
366,290bc68f-5,Jacob Jordan,45,11.0,proactive,5,12323896,61.7,2024-09-19
367,f13f6b28-8,Dennis Ruiz,60,23.0,conservative,9,11996989,43.66,2024-09-19
368,d809c9ce-3,Joel Phillips,56,22.0,conservative,9,10140178,43.42,2024-09-19
369,fdff90f9-3,Kyle Whitney,55,13.0,conservative,6,30630049,43.37,2024-09-19
370,1c8970fa-f,Billy Garcia,53,20.0,proactive,7,11275725,62.51,2024-09-19
371,76edc26a-9,John Hoover,50,8.0,proactive,7,18895478,60.8,2024-09-19
372,679d51e6-7,Andrew Williams,47,6.0,conservative,3,22305237,47.32,2024-09-19
373,ce6e82b7-6,Nicholas Montgomery,48,15.0,proactive,6,27261804,62.0,2024-09-19
374,24415f14-5,John Richardson,52,24.0,proactive,4,71734543,65.17,2024-09-19
375,82ff0d62-e,John Jones,54,24.0,conservative,8,17142878,53.4,2024-09-19
376,794699a7-8,Jared Lee,53,15.0,proactive,8,84718593,60.54,2024-09-19
377,53d09669-0,Derrick Sims,47,14.0,proactive,6,97021490,58.57,2024-09-19
378,ac2ea36e-c,Russell Sanchez,48,14.0,proactive,4,12240406,59.18,2024-09-19
379,d23f33a0-d,Frank Ramirez,49,12.0,proactive,6,18591984,55.29,2024-09-19
380,759505c4-a,Seth Roberson,60,22.0,conservative,7,84769150,42.39,2024-09-19
381,28ee4db2-3,Robert Short,43,10.0,conservative,2,27887726,46.57,2024-09-19
382,8f15e7b7-e,Christopher Vaughan,49,15.0,conservative,6,23679896,51.65,2024-09-19
383,5eaa8b30-8,Kyle Jenkins,57,22.0,proactive,9,18148503,59.11,2024-09-19
384,a96f3945-3,Matthew Garcia,50,18.0,conservative,6,25300316,48.22,2024-09-19
385,67934cc5-2,Timothy Campbell,50,11.0,proactive,4,78564988,59.36,2024-09-19
386,dc09c542-2,Nathan Buchanan,54,21.0,conservative,7,15673353,44.97,2024-09-19
387,4443488d-8,Gregory Rios,49,3.0,conservative,8,27677000,48.22,2024-09-19
388,9f19a100-6,James Kelley,56,30.0,proactive,9,18663378,60.29,2024-09-19
389,6ef55db3-3,Vincent Davis,45,15.0,conservative,5,57783233,46.58,2024-09-19
390,bf8b26a0-c,Eric Wright,41,4.0,proactive,8,67789320,61.24,2024-09-19
391,b9a438d1-d,William Smith,44,11.0,proactive,4,98891327,61.32,2024-09-19
392,e103bc25-6,Jose Phillips,45,10.0,proactive,8,18611599,57.74,2024-09-19
393,23de7548-7,George Cunningham,44,9.0,proactive,2,14840940,58.54,2024-09-19
394,163a3367-9,Jeffrey Coleman,43,12.0,proactive,6,29839726,57.07,2024-09-19
395,18556a01-9,Brian Sanders,54,11.0,conservative,8,83302529,44.46,2024-09-19
396,5837b900-a,Ryan Williams,50,15.0,conservative,6,24236441,41.8,2024-09-19
397,d7cb8db4-6,Edward Cobb,56,23.0,proactive,6,31937037,60.99,2024-09-19
398,fbe87551-e,Luke Kennedy,42,2.0,proactive,7,24859831,60.48,2024-09-19
399,36cc7572-8,Kyle Wagner,57,10.0,conservative,7,83958550,45.88,2024-09-19
400,36cd9bf7-c,Ryan Clayton,48,10.0,conservative,7,33788665,47.36,2024-09-19
401,1284eb2b-0,David Payne,45,13.0,proactive,6,66265520,59.23,2024-09-19
402,e0dc8e9c-c,Joseph Martinez,45,3.0,conservative,4,76092602,43.94,2024-09-19
403,4429b23f-d,Trevor Bryant,55,14.0,proactive,4,27624262,61.36,2024-09-19
404,849f40c0-4,Eric Mullen,39,6.0,conservative,8,30458082,43.55,2024-09-19
405,1ebd0881-5,Martin Mitchell,44,1.0,conservative,2,20409026,45.86,2024-09-19
406,2e64cdc8-c,Joshua Romero,45,6.0,conservative,2,32554054,43.24,2024-09-19
407,9fa140ec-4,Ryan Smith,43,11.0,conservative,5,16959470,44.41,2024-09-19
408,6c6b42a8-6,Joshua Walker,50,10.0,conservative,4,26946012,35.29,2024-09-19
409,4b4001b3-2,Matthew Grant,46,14.0,conservative,4,39847672,46.12,2024-09-19
410,56c924e1-6,Ronald Hudson,43,9.0,proactive,3,25800303,60.19,2024-09-19
411,800cb85f-7,Randy Christensen,52,24.0,proactive,7,13805911,60.35,2024-09-19
412,a9c664a5-f,Brandy Jenkins,50,5.0,proactive,4,31454477,59.49,2024-09-19
413,85691198-8,Martin Wilkins,46,8.0,conservative,7,20792581,37.54,2024-09-19
414,570211cc-d,Michael Elliott,47,3.0,conservative,8,71137292,42.25,2024-09-19
415,9735df21-b,Evan Lee,44,7.0,conservative,4,22786362,47.62,2024-09-19
416,37f29801-8,William Velez,50,17.0,proactive,7,31003220,60.09,2024-09-19
417,99f61086-0,Kristopher Wheeler,43,10.0,proactive,2,91771941,62.38,2024-09-19
418,bc84221f-c,Deanna Ho,49,8.0,proactive,7,15081964,62.45,2024-09-19
419,40bc7695-3,Craig Day,47,9.0,proactive,8,29121693,60.34,2024-09-19
420,ac08c13f-9,Stephen Page,47,13.0,conservative,4,28775989,39.39,2024-09-19
421,0ce6d439-4,Jeremy Hurst PhD,57,19.0,proactive,7,12911518,60.84,2024-09-19
422,43429c63-8,Christopher Clark,49,12.0,proactive,8,33107659,59.86,2024-09-19
423,02fb7ffd-d,Ronald Steele,55,13.0,proactive,4,13524164,61.35,2024-09-19
424,89991562-0,Daniel Hayes,46,13.0,proactive,6,21784492,61.2,2024-09-19
425,9387ed01-c,John Hampton,50,6.0,proactive,3,14232365,57.6,2024-09-19
426,56a331e2-4,Jessica Ward,45,11.0,proactive,4,44897730,58.21,2024-09-19
427,ed6b6bac-a,Robin Howell,48,11.0,conservative,4,10822881,35.07,2024-09-19
428,bc8ebe9f-5,Jeffery Johnson,55,13.0,conservative,5,12642421,56.84,2024-09-19
429,53ea95bc-7,Michael Burton,46,5.0,conservative,3,27775623,48.11,2024-09-19
430,2f6b4176-3,Danny Short,49,1.0,proactive,3,28973978,57.87,2024-09-19
431,2cfc6faa-8,Steven Mitchell,51,14.0,proactive,5,22458296,58.7,2024-09-19
432,fe964ee7-7,Anthony Brown,47,11.0,proactive,4,33867840,61.02,2024-09-19
433,3bdccbfa-b,Dustin Jennings,45,16.0,proactive,9,18678032,59.91,2024-09-19
434,b595913e-3,Joseph Hernandez,49,14.0,proactive,8,69417303,64.97,2024-09-19
435,5e4280f0-8,Andre Torres,51,17.0,proactive,9,25385693,58.27,2024-09-19
436,95667469-8,Kevin Parker,51,28.0,proactive,4,15771794,58.02,2024-09-19
437,3cbc07c4-f,Kimberly Wilson,58,21.0,proactive,6,11370323,60.79,2024-09-19
438,a9c2dbfd-7,Brandon Thompson,45,8.0,proactive,7,13792231,60.53,2024-09-19
439,1a1918c7-b,Shawn Dixon,50,12.0,conservative,4,73474297,37.65,2024-09-19
440,63456ec8-3,Jeffrey Daniels,53,23.0,conservative,8,26367553,38.35,2024-09-19
441,b9ef4dbe-3,Justin Perez,48,15.0,conservative,8,21071765,44.02,2024-09-19
442,007e63c5-c,Brian Smith,47,6.0,proactive,3,28006103,63.95,2024-09-19
443,95ff91af-6,Eric Gill,54,6.0,proactive,8,25160188,57.15,2024-09-19
444,95f5db58-1,Dr. Gregory Lutz,45,1.0,conservative,8,19445339,48.44,2024-09-19
445,1729e995-c,Kevin Sanchez,49,6.0,proactive,7,98191873,59.46,2024-09-19
446,ec2964a5-f,Mr. Brandon Mclean,50,6.0,proactive,8,62119001,60.17,2024-09-19
447,3c50fcb6-c,David Sanchez,49,7.0,proactive,2,13779072,60.9,2024-09-19
448,0d090479-f,Joshua Hernandez,48,12.133540372670808,proactive,2,19167358,58.26,2024-09-19
449,fc5bb863-b,Robert Cohen,42,13.0,proactive,8,19695271,65.04,2024-09-19
450,a28927e1-5,Russell Ward DDS,50,9.0,proactive,8,32516697,63.54,2024-09-19
451,f4a568c6-0,Noah Shah,39,3.0,conservative,3,22376424,47.85,2024-09-19
452,5c90aff5-5,Matthew Rose,47,13.0,proactive,6,53279386,59.85,2024-09-19
453,ee8a6522-b,Nicholas Kerr,53,24.0,proactive,6,30423832,61.13,2024-09-19
454,b8e42de7-3,James Johnson,41,16.0,conservative,7,24136996,44.14,2024-09-19
455,e0df75f8-c,Dennis Wilson,45,4.0,proactive,3,21539260,62.09,2024-09-19
456,a9cf5171-e,Steven Finley,47,12.0,proactive,4,32772853,58.98,2024-09-19
457,addce86b-5,David Sosa,50,12.0,conservative,4,13068930,40.5,2024-09-19
458,3bbf043d-e,Joshua Reed,36,4.0,proactive,8,14223048,59.21,2024-09-19
459,e8562c96-1,Benjamin Simmons,43,10.0,proactive,8,35475873,62.0,2024-09-19
460,21f7d71a-3,Kelsey Mccarthy,51,21.0,proactive,9,33994055,59.4,2024-09-19
461,1f8e65ac-e,Carl Ramirez,51,16.0,conservative,4,29299682,39.85,2024-09-19
462,8df318b0-4,Christopher Smith,41,1.0,conservative,3,27188149,50.48,2024-09-19
463,b0cbb9c9-1,Jordan Mcdonald,49,6.0,proactive,8,64144761,57.92,2024-09-19
464,dc6a397c-9,Thomas Pace,47,9.0,proactive,3,10363832,64.99,2024-09-19
465,08e0c7de-9,Donald Brooks,46,11.0,proactive,6,22695998,57.41,2024-09-19
466,a69fb7a5-3,Anthony Patterson,43,20.0,proactive,6,75452905,61.54,2024-09-19
467,7538576d-2,Nathan Gonzales,44,7.0,conservative,4,14698380,39.18,2024-09-19
468,65178a0b-7,Henry Dunn,47,20.0,proactive,4,48116553,62.09,2024-09-19
469,68c047ac-f,James Johnson,42,0.0,proactive,7,12156651,63.14,2024-09-19
470,06b59c8e-a,Thomas Brown,52,13.0,conservative,5,14907586,45.85,2024-09-19
471,087d9a97-3,Robert Burns,46,12.0,conservative,6,13531857,44.43,2024-09-19
472,0d9c0cc9-8,Dr. Wayne Clark,49,10.0,proactive,7,20067958,60.29,2024-09-19
473,f0d86649-4,Patrick Kerr,54,20.0,conservative,7,11098873,42.68,2024-09-19
474,d48d4064-a,Todd Mitchell,40,3.0,proactive,3,15371035,61.95,2024-09-19
475,4819ff2e-d,Brandon Hunt,41,7.0,proactive,2,12933975,57.07,2024-09-19
476,3d786446-f,Heather Elliott,44,9.0,conservative,8,23562847,42.24,2024-09-19
477,66882304-8,Christopher Morales,56,18.0,proactive,7,22126955,58.74,2024-09-19
478,94236859-9,Amy White,41,12.0,conservative,8,98614931,46.84,2024-09-19
479,210ca93c-0,Christopher Weaver,59,16.0,conservative,6,23471751,48.42,2024-09-19
480,95f88890-7,Charles Oconnor,50,11.0,conservative,6,89203390,43.88,2024-09-19
481,1e90b56a-9,Todd Kelley,46,5.0,proactive,3,11548897,58.42,2024-09-19
482,1bb3fb6f-b,Alexander Vance,41,15.0,proactive,4,68963717,56.33,2024-09-19
483,e8c07230-8,Shawn Ryan,49,13.0,proactive,6,33710423,58.26,2024-09-19
485,7b6fcc3d-2,Luis Anderson,45,10.0,conservative,3,30203269,38.29,2024-09-19
486,cad3a23f-6,Matthew Tran,52,22.0,proactive,7,42092993,58.99,2024-09-19
487,6fde3e59-6,David Miller,54,26.0,conservative,4,14058250,49.1,2024-09-19
488,241ba631-b,Marvin Carson DDS,48,7.0,proactive,4,29569473,55.21,2024-09-19
489,4b41958d-9,Carl Harding,46,2.0,conservative,8,48415653,53.48,2024-09-19
490,2f5e7089-b,Brian Garza,48,8.0,proactive,7,24141016,60.75,2024-09-19
491,16d87062-f,Arthur Robertson,49,5.0,conservative,2,31807145,37.11,2024-09-19
492,f466b31b-6,Martin Edwards,50,4.0,conservative,8,20058612,44.23,2024-09-19
493,a539bc8d-0,Randall Kirk,46,4.0,conservative,3,17407709,57.31,2024-09-19
494,7fd8f066-0,John Graham,37,3.0,conservative,8,33677790,49.3,2024-09-19
495,5cc6375a-d,Eric Brown,54,19.0,conservative,4,81243042,47.98,2024-09-19
496,c50a6c96-9,Ryan Watkins,47,9.0,proactive,2,32778747,58.67,2024-09-19
497,e794aace-3,Tommy Blankenship,51,19.0,conservative,7,20958889,40.96,2024-09-19
498,0c04b081-0,Todd Chandler,46,12.0,proactive,4,41638642,64.63,2024-09-19
499,8ce6b99f-7,John Allen,51,11.0,proactive,4,72777903,62.62,2024-09-19
500,2fab84c0-0,Jeffrey Lopez,50,17.0,conservative,8,16965717,33.31,2024-09-19
501,d5b0da3e-d,Nathan Mendez,47,18.0,proactive,6,30302867,61.4,2024-09-19
502,da4b8266-0,Tracy Adams,50,4.0,conservative,3,26923239,48.14,2024-09-19
503,f1c9d395-4,Mark Rivera,46,0.0,proactive,8,14638240,60.46,2024-09-19
504,a8fffa33-d,Jeffrey Smith,47,9.0,conservative,8,10248113,35.86,2024-09-19
505,f07c8989-7,Steven Pierce,50,12.0,proactive,5,31642729,64.6,2024-09-19
506,751a7853-5,Duane Keller,47,17.0,proactive,8,28085803,60.75,2024-09-19
507,9fd9e282-c,Jeremy Mendoza,57,25.0,conservative,7,23736018,48.75,2024-09-19
508,36e2b41b-a,Megan Novak,51,21.0,proactive,9,19980822,60.8,2024-09-19
509,4d8521f5-6,Andrew Thompson,49,16.0,conservative,4,46619422,49.47,2024-09-19
510,dd490a82-c,Dale Shaw,48,13.0,proactive,4,15821176,60.25,2024-09-19
511,431f5a3f-c,Carlos Barrera,47,9.0,proactive,8,33171837,61.06,2024-09-19
512,72ba6bbb-9,Albert Hale,48,4.0,proactive,2,86730900,59.27,2024-09-19
513,2bf05e19-a,Michael Williams,52,19.0,conservative,8,89718833,46.85,2024-09-19
514,cbb9a86c-1,Bryan Bell,43,10.0,proactive,8,29965111,56.78,2024-09-19
515,cff19411-5,Scott Lucas,50,11.0,proactive,5,23496767,63.0,2024-09-19
516,8ff451b9-f,Kimberly Torres,55,24.0,conservative,9,30822651,54.19,2024-09-19
517,64b1bd97-7,David Henderson,44,12.0,proactive,5,82942283,60.83,2024-09-19
518,432fc063-2,Scott Levy,46,12.133540372670808,proactive,8,14625993,64.51,2024-09-19
519,591e39d9-0,Willie Davis,44,15.0,proactive,4,10042923,58.17,2024-09-19
520,8bec880c-9,Michael Campbell,44,7.0,proactive,2,90225505,60.61,2024-09-19
521,e866b94d-8,Sean Gilmore,47,7.0,conservative,7,74499001,39.22,2024-09-19
522,6bae9869-6,Chris King,43,11.0,proactive,6,33972412,64.28,2024-09-19
523,674935f0-4,Miguel Phillips,48,5.0,proactive,2,16991743,59.59,2024-09-19
524,e6d9fe80-8,Mr. Jeremy Hall,44,10.0,conservative,8,11248098,52.44,2024-09-19
525,8a0326ff-c,John Miller,49,7.0,proactive,3,10489983,61.35,2024-09-19
526,b583b618-6,Jacob Lee,48,16.0,proactive,4,12823463,59.98,2024-09-19
527,61c4b504-1,Jeremy Mcmahon,44,3.0,proactive,8,21597980,59.86,2024-09-19
528,52946ac3-1,Cory Harmon,50,10.0,conservative,7,26114011,49.21,2024-09-19
529,60b6c79f-e,Anthony Baker,46,12.0,proactive,5,11257008,60.46,2024-09-19
530,e31f829b-8,Jonathan Bishop,41,7.0,proactive,3,12137340,65.21,2024-09-19
531,e4cd10de-5,Jose Wright,47,5.0,conservative,4,17386890,50.88,2024-09-19
532,a887372c-3,John Le,41,16.0,conservative,6,15302925,46.28,2024-09-19
533,7203b8d5-7,James Hernandez,46,9.0,proactive,2,35580954,59.54,2024-09-19
534,000546f3-a,Joshua Hayes,37,3.0,proactive,7,14316933,60.67,2024-09-19
535,464c05a6-4,Jonathan Vincent,49,12.0,proactive,4,42486624,59.71,2024-09-19
536,a35a620a-7,Benjamin Vargas,51,24.0,proactive,4,68645374,59.02,2024-09-19
537,ee6bb24f-3,David Wilson,45,16.0,proactive,9,26142889,58.56,2024-09-19
538,3f6290f8-3,Dr. Shelly Huang,44,12.0,proactive,6,22811669,59.33,2024-09-19
539,9de05fb5-b,Jonathan Alexander,44,9.0,conservative,3,29780011,52.16,2024-09-19
540,d163f698-6,Jason Barnes,45,3.0,conservative,7,49158022,46.52,2024-09-19
541,208c8864-d,Brian Robinson,50,11.0,proactive,5,22171671,61.11,2024-09-19
543,6c21e95b-1,Daniel Lewis,44,11.0,proactive,8,16550307,59.33,2024-09-19
544,e7e78d35-6,Steve Duke,58,20.0,proactive,9,27061072,61.25,2024-09-19
545,a3d98f40-3,Robert Schneider,49,11.0,proactive,6,21531217,61.66,2024-09-19
546,d950d9a2-8,John Hamilton Jr.,53,20.0,conservative,9,31534922,50.23,2024-09-19
547,f0ed06ca-3,Kristina Brandt,55,23.0,proactive,9,18489180,60.11,2024-09-19
548,7dfab9fe-f,Juan Bauer,41,16.0,proactive,7,47488840,58.1,2024-09-19
549,905d118e-a,Deborah Cordova,46,15.0,proactive,4,74054998,57.23,2024-09-19
550,d1c4de47-a,Robert Fitzpatrick,42,12.0,proactive,4,23138031,57.63,2024-09-19
551,a81259f4-0,Thomas Hogan,51,20.0,conservative,8,18611501,43.95,2024-09-19
552,991e2bdf-8,Christopher Barnes,50,4.0,conservative,4,15567425,40.48,2024-09-19
553,60fe5790-2,Jacob Patton,45,7.0,conservative,8,10990009,41.66,2024-09-19
554,3c0e5742-2,Kurt Torres,48,12.0,conservative,6,31120899,52.81,2024-09-19
555,38608c03-0,Timothy Fowler,49,10.0,conservative,8,10962127,43.39,2024-09-19
556,2e4f9185-4,Cole Krueger,46,19.0,conservative,6,87511111,49.38,2024-09-19
557,5c7765f2-7,Scott Wells,49,10.0,proactive,2,29613698,58.96,2024-09-19
558,d6dda5c8-2,Edward Harris,54,18.0,conservative,7,47024382,42.25,2024-09-19
559,edccbf48-f,Jonathan Rojas,46,9.0,conservative,4,18463805,44.8,2024-09-19
560,131c2685-6,Brian Gardner,51,16.0,conservative,6,31874571,49.7,2024-09-19
561,aa833a7f-9,Sean Shepard,45,1.0,conservative,8,21162393,41.37,2024-09-19
562,0683c18f-6,Ian Cabrera,43,14.0,conservative,5,19970766,55.36,2024-09-19
563,63cd24e6-c,Scott Carrillo,48,2.0,conservative,7,24806622,42.86,2024-09-19
564,86f18093-5,Jill Gutierrez,52,20.0,conservative,7,79515526,50.38,2024-09-19
565,b0b660a4-5,Nicholas Arroyo,50,10.0,conservative,2,23244180,52.27,2024-09-19
566,9eed0a13-f,David Alvarado,49,8.0,conservative,7,20339561,33.94,2024-09-19
567,c3c1da58-c,Dylan Kelley,55,25.0,proactive,7,31028955,61.93,2024-09-19
568,68130ea9-d,Justin Harrison,47,22.0,conservative,4,20260455,38.25,2024-09-19
569,a51900ad-7,Eric Rodriguez,46,4.0,conservative,3,60567423,48.62,2024-09-19
570,7e4bb9d1-2,Richard Burton,39,4.0,proactive,3,44329842,57.67,2024-09-19
571,1d4704f8-8,Stephen Weber,49,22.0,conservative,9,86779795,35.58,2024-09-19
572,0efc20ea-5,Steven Bishop,47,12.0,proactive,8,59856374,57.04,2024-09-19
573,1b612512-f,David Hess DVM,44,16.0,proactive,7,24763016,60.87,2024-09-19
574,27e785d6-7,Douglas Hardin,43,10.0,proactive,4,18945021,57.78,2024-09-19
575,2adfe6cd-b,Steven Murray,42,12.133540372670808,proactive,8,89718106,61.59,2024-09-19
576,8ac40fa1-5,Dennis Owens,53,24.0,proactive,8,28753771,57.72,2024-09-19
577,c249bfc7-9,Emily Foster,48,5.0,proactive,3,29077811,59.83,2024-09-19
578,77d26817-9,Steven Moore,45,4.0,conservative,7,28161729,51.3,2024-09-19
579,94ed3e6d-f,Manuel Wise,48,9.0,proactive,7,30312694,57.36,2024-09-19
580,adbdd8b5-3,Paul Adams,51,31.0,proactive,8,12526607,59.64,2024-09-19
581,4d2e08bb-8,Jeffrey Lambert,45,14.0,conservative,6,10784487,38.98,2024-09-19
582,e5987499-d,Robert West,49,16.0,proactive,4,24681381,58.09,2024-09-19
583,1129d197-3,Tracy Griffin,41,8.0,proactive,4,28524845,60.01,2024-09-19
584,443ead57-c,Michael Bullock,42,12.133540372670808,conservative,3,30137411,50.49,2024-09-19
585,2f9263de-f,Dakota Brown,51,20.0,proactive,9,19194234,59.53,2024-09-19
586,1bb54594-8,Matthew Smith,43,0.0,proactive,8,25976643,56.79,2024-09-19
587,3156d655-8,Joshua Perry,43,20.0,proactive,6,12814755,60.1,2024-09-19
588,506f62d7-d,Melissa Tran,43,4.0,proactive,4,31297189,60.58,2024-09-19
589,dfb33269-1,William Hoffman,52,28.0,conservative,7,20516509,37.67,2024-09-19
590,664895ce-d,David Yoder,44,9.0,proactive,3,16311717,59.04,2024-09-19
591,21b1ab31-0,Daniel Davis,43,3.0,proactive,8,21569652,59.29,2024-09-19
592,6143fe36-5,Robert Arroyo,50,7.0,conservative,7,26292563,56.98,2024-09-19
593,0cadde10-c,John Hall,43,5.0,conservative,3,22554932,40.95,2024-09-19
594,6bdbe1d0-6,Matthew Vasquez,52,21.0,proactive,8,25536738,58.72,2024-09-19
595,83583b17-7,Alexander Walton,38,4.0,conservative,2,23309143,37.72,2024-09-19
596,ae31b5ea-c,Mark Miles,53,19.0,conservative,9,33516218,40.02,2024-09-19
597,39a9b538-9,Tony Cantu,47,11.0,conservative,4,27121057,44.85,2024-09-19
598,d175dfea-c,Daniel Kelley,46,13.0,conservative,6,14841519,31.63,2024-09-19
599,09fc5c5e-3,Robert Johnston,58,21.0,conservative,9,79540804,52.25,2024-09-19
600,69111ff9-8,Joshua Kennedy,51,12.0,proactive,4,16654459,57.94,2024-09-19
601,45fbd22d-7,Michael Parker,44,9.0,conservative,4,40030230,52.1,2024-09-19
602,72b3c3a0-e,Evan Jackson,54,21.0,proactive,7,57362582,58.05,2024-09-19
603,656d2739-7,Craig Yates,38,5.0,proactive,4,31057971,60.52,2024-09-19
604,e98bce60-7,Ryan Craig,50,16.0,conservative,9,78446029,56.74,2024-09-19
605,84f3ec50-c,Gary Kim,56,24.0,proactive,8,81492294,64.75,2024-09-19
606,240e737a-9,William Brown,50,6.0,conservative,8,94792980,52.88,2024-09-19
607,3c76fffd-4,John Preston,48,0.0,proactive,4,32628678,60.18,2024-09-19
608,cd77b98f-a,William Stone,48,16.0,proactive,4,29956808,60.35,2024-09-19
609,ff345c08-d,Eddie Richardson,47,19.0,proactive,9,18180423,60.59,2024-09-19
611,a29eae3f-5,Martin Oneal,51,17.0,conservative,4,31139762,48.76,2024-09-19
612,aa8ea26b-e,Alexander Hoover,49,0.0,proactive,7,12492275,59.49,2024-09-19
613,f5f99fcc-7,Kevin Terry,38,7.0,proactive,4,22809517,60.88,2024-09-19
614,d96ad64b-0,John Mcbride,55,25.0,proactive,4,31770381,63.96,2024-09-19
615,b02bfb87-3,Paula Mckee,39,7.0,proactive,4,14310127,62.82,2024-09-19
616,c83501f9-b,Francis Robinson IV,48,12.0,conservative,8,11699550,48.17,2024-09-19
617,7c0a40f9-b,Michael Martinez,50,12.0,conservative,8,75500652,40.08,2024-09-19
618,d4bc056a-7,Walter Mccarty,55,14.0,proactive,4,32599168,61.05,2024-09-19
619,c479ac6e-1,Michael Rios,55,24.0,conservative,9,54123965,41.66,2024-09-19
620,c1410f13-8,Charles Holmes,55,20.0,proactive,6,29596705,58.58,2024-09-19
621,6d1686c4-7,Nicholas Stone,54,21.0,proactive,9,57599938,59.86,2024-09-19
622,a8f1853a-8,James Vasquez,44,14.0,proactive,6,16132858,63.53,2024-09-19
623,6f466cb5-1,Charles Harmon,37,5.0,proactive,3,18318087,57.77,2024-09-19
624,48a40e27-f,Clifford Young,38,6.0,conservative,4,18443612,43.05,2024-09-19
625,2a7f338d-3,David Rivera,52,21.0,proactive,7,11244695,61.53,2024-09-19
626,a91f8694-2,Edward Henderson,51,24.0,conservative,4,13727292,40.91,2024-09-19
627,9d15d0cc-2,Brett Estrada,50,5.0,conservative,8,68559076,49.77,2024-09-19
628,5e23f229-5,Robert Wilson,55,24.0,conservative,9,55617675,46.94,2024-09-19
629,5bb55510-e,Craig Velasquez,54,20.0,proactive,7,23007785,60.43,2024-09-19
630,ef8ac973-7,Michael Perkins,43,5.0,proactive,7,33834430,58.45,2024-09-19
633,9630d79d-c,Michael Snyder,52,16.0,proactive,9,22182749,65.06,2024-09-19
634,7ae7c189-2,Keith Bates,45,0.0,proactive,7,24216205,58.18,2024-09-19
635,6bcd67ef-8,Daniel Ward,50,14.0,conservative,8,25377824,32.43,2024-09-19
636,2b534a2c-9,Jason Taylor,50,8.0,conservative,3,14073923,52.02,2024-09-19
637,c3deb1da-e,Peter Ryan,46,7.0,proactive,8,27609059,59.12,2024-09-19
638,5632c045-9,Patrick Brown,45,21.0,conservative,4,33585946,46.04,2024-09-19
639,c16ebc3b-5,Troy Wagner,48,12.0,proactive,4,32274242,63.19,2024-09-19
640,714f9353-9,Charles Malone,46,13.0,proactive,4,21098319,60.13,2024-09-19
641,3844af11-9,Robert Johnson PhD,52,21.0,proactive,8,81187112,63.41,2024-09-19
642,4c4b1a66-8,William Caldwell,53,22.0,proactive,6,33420545,60.6,2024-09-19
643,9a50430a-5,Joe Owens,45,11.0,proactive,5,10502616,59.99,2024-09-19
644,d7b156b2-7,Robert Robinson,46,4.0,conservative,4,49603540,42.0,2024-09-19
645,84ceeb04-5,John Tucker,48,12.133540372670808,conservative,8,29624480,48.47,2024-09-19
646,360e6355-2,Robert Lee,48,11.0,proactive,5,14882723,62.57,2024-09-19
647,1ad470f8-9,Zachary Woods,50,10.0,conservative,3,93428273,38.81,2024-09-19
648,0548505e-7,Alexander Smith,46,6.0,proactive,3,24628550,65.28,2024-09-19
649,01e706f8-9,Adam Holt,56,17.0,conservative,9,29066789,48.78,2024-09-19
650,a56d9886-8,Jeffrey Murphy,47,14.0,proactive,6,28295338,58.78,2024-09-19
651,293685e5-b,Jennifer Peterson,50,3.0,proactive,4,13831242,59.99,2024-09-19
652,acc1e375-4,Brian Roberts,47,13.0,proactive,8,25050875,63.07,2024-09-19
653,50f948b3-0,Timothy Barrera,48,9.0,proactive,2,28817628,56.51,2024-09-19
654,ac1aec97-5,Brad Ball,50,8.0,conservative,8,19924593,47.79,2024-09-19
655,6961795d-9,Bernard Weber,51,22.0,proactive,7,25117738,62.98,2024-09-19
656,3bb7faad-d,Renee Cuevas,43,12.0,proactive,4,20252337,62.82,2024-09-19
657,2fff447b-6,Austin Wolfe,53,27.0,proactive,6,17387364,57.82,2024-09-19
658,6753bdfd-a,Michael Richardson,42,18.0,conservative,4,11564121,51.87,2024-09-19
659,2329c3f6-5,Peter Buchanan,50,15.0,proactive,5,44799976,64.82,2024-09-19
660,00d494ba-0,Larry Rojas,45,5.0,conservative,8,11316377,45.14,2024-09-19
661,6ba816a9-7,Ronald Coleman,47,8.0,conservative,4,95480943,41.65,2024-09-19
662,bea7196f-e,Robert Taylor,44,9.0,proactive,4,13322827,57.52,2024-09-19
663,854bcffc-a,Jonathan Garcia,38,2.0,conservative,8,22443942,39.63,2024-09-19
664,f0e892fc-7,Carlos Daniel,44,10.0,proactive,8,32864710,59.66,2024-09-19
665,9762b75c-4,Greg Peterson,57,29.0,conservative,9,29178779,41.62,2024-09-19
666,ff7c750d-6,Randall Ross,45,5.0,proactive,8,10180743,58.69,2024-09-19
667,30c3fa92-d,Alexander Christensen,56,22.0,proactive,6,72146642,60.18,2024-09-19
668,c6244f88-c,Bobby Ryan,44,11.0,proactive,4,21125310,62.89,2024-09-19
669,de6a5f5c-7,Timothy Richardson,46,17.0,proactive,8,40423910,60.37,2024-09-19
670,824a9f6a-4,Carlos Wolf,48,13.0,proactive,8,60913739,65.34,2024-09-19
671,25f1662d-f,Juan Rodriguez,46,12.0,conservative,8,19220150,48.85,2024-09-19
672,28fbcb52-9,Chase Donaldson,48,10.0,conservative,2,23622109,40.63,2024-09-19
673,138dd3a4-5,Bradley Ramirez,47,9.0,proactive,4,66683794,63.14,2024-09-19
674,bb6aec6e-3,William Brown,42,14.0,proactive,4,17884689,62.65,2024-09-19
675,bd7a32e2-6,Alexander Stout,51,15.0,conservative,8,31766919,43.41,2024-09-19
676,a173c7d0-f,David Richardson,54,20.0,conservative,7,58866984,40.59,2024-09-19
677,249950be-a,Samantha Tucker,52,18.0,proactive,4,25315839,61.0,2024-09-19
678,d5597931-b,Jose White,51,23.0,proactive,8,18561890,63.78,2024-09-19
679,edff80f0-3,John Bates,54,18.0,conservative,6,26749209,39.12,2024-09-19
680,d80a340b-d,Matthew Erickson,47,9.0,proactive,8,16497961,58.89,2024-09-19
681,96a9bccb-8,Adam Ross,46,16.0,proactive,6,31807947,61.85,2024-09-19
682,65608209-0,Jose Taylor,49,10.0,conservative,2,54036321,40.13,2024-09-19
683,3e574545-f,Patrick Cox,51,27.0,proactive,8,32865089,58.26,2024-09-19
684,f76ca1ab-e,Keith Flores,45,13.0,proactive,4,65974657,60.1,2024-09-19
685,f8fee53b-3,Joshua Walker,44,13.0,proactive,4,20482407,62.64,2024-09-19
687,005f0c54-c,David Bryant,50,13.0,conservative,6,28581832,44.79,2024-09-19
688,1165e515-e,Joshua Schwartz,55,17.0,proactive,4,12283835,59.69,2024-09-19
689,d092899d-a,Larry Payne,48,9.0,conservative,2,30434751,40.85,2024-09-19
690,8bf9394b-3,Edward Joseph,43,7.0,conservative,8,28760660,39.53,2024-09-19
691,58852658-a,Robert Whitney,47,3.0,proactive,8,51330131,59.14,2024-09-19
692,dc5bcea1-8,Christopher Grimes,48,11.0,proactive,5,24882999,59.44,2024-09-19
693,50768e31-5,Phillip Simpson,49,5.0,proactive,3,13246528,56.51,2024-09-19
694,c157ada0-b,Ronald Smith,44,21.0,conservative,6,32053728,29.22,2024-09-19
695,cbb564f0-7,Darius Johnson,52,17.0,conservative,8,88819781,47.26,2024-09-19
696,b02b5462-b,Bradley Pham,45,13.0,proactive,5,94934565,62.97,2024-09-19
697,c03a349e-d,William Reyes,43,15.0,proactive,8,33326175,55.34,2024-09-19
698,9cd40f14-7,Andrea Baker,42,2.0,conservative,8,18940617,47.72,2024-09-19
699,51e2940e-d,Kevin Rasmussen,45,8.0,proactive,4,32048264,64.31,2024-09-19
700,308690e0-e,Elizabeth Henson,38,4.0,conservative,2,13260637,45.96,2024-09-19
701,445a224c-d,Richard Harper,54,17.0,proactive,9,17277291,63.52,2024-09-19
702,0b412bc2-4,Patrick West,49,20.0,conservative,4,47199758,41.59,2024-09-19
703,22178273-b,Michael Hernandez,41,4.0,conservative,4,19301208,37.58,2024-09-19
704,2673bcc6-2,William Guerra,46,5.0,proactive,7,17017247,61.29,2024-09-19
705,5c68ba4e-5,Kerry Campbell,51,23.0,proactive,6,26803776,61.3,2024-09-19
706,664e9cfb-2,Kenneth Gilbert,42,5.0,proactive,7,94574989,59.26,2024-09-19
707,6621c3cd-7,Kristopher Rivera,38,4.0,proactive,7,28188509,66.48,2024-09-19
708,02712ffa-0,Bryce Gonzales,50,4.0,proactive,2,25704375,59.32,2024-09-19
709,be62e7c6-c,Robert Fox,52,14.0,conservative,8,29432775,49.45,2024-09-19
710,ba5ef736-6,William Carter,43,9.0,conservative,2,91982850,52.82,2024-09-19
711,d1a55f05-9,James Alvarez,47,3.0,proactive,4,43523687,61.37,2024-09-19
712,fbc9743a-d,Kevin Maldonado,52,20.0,proactive,4,37595820,58.16,2024-09-19
713,1fc7de02-f,Blake Harris,54,23.0,proactive,6,13999746,63.67,2024-09-19
714,d10fe502-4,Aaron Bauer,47,8.0,conservative,2,29843883,42.22,2024-09-19
715,558b8ca7-9,Michael Thomas,50,5.0,conservative,7,25618223,36.43,2024-09-19
716,77a72370-6,Kenneth Martin,36,4.0,proactive,7,28971650,59.81,2024-09-19
717,04dfcbfb-a,Stephen Gray,42,13.0,conservative,5,58546151,44.01,2024-09-19
718,2718ba63-2,Christopher Reese,55,17.0,proactive,9,20661206,60.45,2024-09-19
719,6dbb722b-8,Brian Miller,48,12.0,conservative,6,11845171,44.49,2024-09-19
720,15f8a1da-1,Katherine Reyes,44,22.0,proactive,4,83770030,61.52,2024-09-19
721,7e2e45ad-a,Richard Lewis,51,27.0,proactive,4,31293981,61.22,2024-09-19
722,923cce37-f,Philip Barnes,53,16.0,conservative,7,33391952,40.86,2024-09-19
723,6420be9f-b,Alexis Tucker,48,4.0,proactive,7,30142509,61.79,2024-09-19
724,3e53cc64-c,Geoffrey Barber,44,4.0,proactive,7,78735626,61.18,2024-09-19
725,99525ce4-b,James Henderson,47,7.0,conservative,3,13193058,47.01,2024-09-19
726,8222b600-6,Victor Sandoval,48,5.0,conservative,4,30723415,49.69,2024-09-19
727,3efa3a5b-e,Dylan Hunt,52,22.0,conservative,9,21032614,55.09,2024-09-19
728,60b9205d-d,Edward Bailey,52,20.0,conservative,6,17945973,40.89,2024-09-19
729,8531a100-a,Edward Oconnor,52,16.0,proactive,4,21705793,56.52,2024-09-19
730,7346c45c-a,Michael Ramirez,49,9.0,proactive,2,13641354,56.32,2024-09-19
731,6204ebeb-a,Jeremy Anderson,43,6.0,conservative,3,30390425,49.24,2024-09-19
732,07f66c77-d,Michael Ward,43,12.0,conservative,5,13196565,50.48,2024-09-19
733,bafb1991-2,Eddie Gordon,49,19.0,proactive,7,16246545,60.96,2024-09-19
734,523ba79b-5,Amber Vasquez,48,12.0,proactive,8,32388815,63.27,2024-09-19
735,1aabc91a-c,Ricardo Pena,50,9.0,conservative,7,22007337,44.91,2024-09-19
736,afe56caa-1,Gerald Ramos,50,8.0,conservative,8,29884530,48.74,2024-09-19
737,7f283089-e,Matthew Cline,47,8.0,conservative,2,19095731,45.36,2024-09-19
738,ef5c69e8-5,Travis Lawrence,52,25.0,conservative,7,98052326,48.11,2024-09-19
739,102f88eb-7,Joseph Ortega,47,15.0,conservative,5,11835599,38.61,2024-09-19
740,f8d03641-5,Randy Phillips,54,15.0,conservative,8,45254942,50.93,2024-09-19
741,32b3748a-4,Kenneth Johnson,53,15.0,proactive,8,28866540,60.9,2024-09-19
742,8519efdb-6,Brian Lyons,51,23.0,proactive,9,52804295,63.35,2024-09-19
743,861b7a6e-7,Christine Cochran,50,8.0,proactive,4,25853258,59.59,2024-09-19
744,6e74a2b3-0,Glenn Lewis,47,10.0,proactive,8,63170233,65.8,2024-09-19
745,a8b083f8-2,John Manning,59,18.0,proactive,9,20539252,58.37,2024-09-19
746,5f74a1ed-2,Melody Johnson,43,13.0,proactive,6,30937896,60.05,2024-09-19
747,3a65329c-7,Mark Reed,43,16.0,proactive,8,13701678,61.17,2024-09-19
748,43ec05d5-e,Scott Peters II,47,1.0,proactive,4,29336991,57.71,2024-09-19
749,4d84655a-5,Alejandro Salinas,55,18.0,conservative,8,32557240,42.55,2024-09-19
750,196df1d5-b,Joseph Leonard,47,7.0,conservative,8,26346569,52.75,2024-09-19
751,93c61598-b,Joshua Higgins,50,1.0,proactive,8,14433691,58.01,2024-09-19
752,a61a6ba3-a,Jesse Johnson,44,9.0,conservative,7,17496529,41.65,2024-09-19
753,a23607fa-4,Austin Howell,49,16.0,proactive,6,25374393,62.34,2024-09-19
754,0264ad36-f,Mr. Jeffery Page DDS,46,8.0,conservative,3,20283153,42.6,2024-09-19
755,ec056201-2,Albert Carr,55,14.0,proactive,5,29284580,63.23,2024-09-19
756,92438727-d,Theodore Hawkins,48,9.0,conservative,8,26760108,43.1,2024-09-19
757,f120d617-1,Ryan Spencer,43,15.0,proactive,6,30898353,59.96,2024-09-19
759,2c4b8bdf-c,John Houston,46,14.0,proactive,5,57580910,61.85,2024-09-19
760,ad900547-1,Jeffrey Haney,43,9.0,proactive,8,32111802,59.3,2024-09-19
761,85b64b65-f,Thomas Smith,47,4.0,conservative,7,14969134,40.72,2024-09-19
762,67ed0a2b-9,Kent Garcia,43,16.0,conservative,4,24322464,45.17,2024-09-19
763,1f76d5e8-3,Tyler Gonzalez,48,4.0,conservative,4,19945346,50.96,2024-09-19
764,49074da0-c,Scott Graham,46,9.0,proactive,8,13883923,62.56,2024-09-19
765,ff6284a2-4,Gregory Robinson,39,2.0,proactive,4,82081587,60.59,2024-09-19
766,08b9fe7a-c,Chelsea Mckee,51,23.0,proactive,4,18204175,53.38,2024-09-19
767,9559a0b5-9,Michael Dixon,47,14.0,conservative,6,27063055,38.69,2024-09-19
768,afacba6c-3,Ryan Sosa,43,14.0,conservative,8,88461049,48.06,2024-09-19
769,6ab82869-4,Jared Davis,51,15.0,proactive,5,66822391,62.61,2024-09-19
770,4f55b204-f,Xavier Johnson,47,1.0,proactive,8,15436397,60.92,2024-09-19
771,9181732b-1,David Becker,55,12.0,proactive,6,20205682,61.28,2024-09-19
772,eda4cbe3-3,Matthew Soto,52,26.0,conservative,4,85416403,42.64,2024-09-19
773,d23a0c7f-7,Allen Gray,46,13.0,conservative,6,26716985,51.19,2024-09-19
774,58795b63-6,Dennis Fernandez,46,10.0,conservative,7,26225733,46.38,2024-09-19
775,a082299f-f,Justin Robbins,48,19.0,conservative,7,20698203,45.88,2024-09-19
776,1fb7f030-8,James Wells,55,21.0,conservative,4,19424012,50.73,2024-09-19
777,51fa0bdb-5,Justin Gregory,51,16.0,conservative,7,13734459,50.22,2024-09-19
778,5d522d9c-3,Frederick Ross,50,5.0,proactive,2,32156165,60.09,2024-09-19
779,49046be1-e,Jason Ford,45,14.0,proactive,5,24670198,60.09,2024-09-19
780,74aad901-0,Keith Jones DDS,45,7.0,conservative,3,69327588,41.34,2024-09-19
781,ee2e5ee9-4,Samuel Gregory,45,1.0,conservative,7,13006940,46.47,2024-09-19
782,19f8cb04-d,Gary Joseph,41,18.0,proactive,7,81068169,59.62,2024-09-19
783,734ffab2-0,Carlos Porter,47,3.0,conservative,2,28450066,45.65,2024-09-19
784,09c1ea9e-3,Richard Mccullough,49,10.0,proactive,4,47398395,59.77,2024-09-19
785,ff21b035-9,Brett Hoffman,46,13.0,conservative,4,24624497,51.98,2024-09-19
786,69b89699-a,Lisa Bell,48,11.0,conservative,6,33892826,46.56,2024-09-19
787,7568eed0-8,Lee Hebert,48,6.0,proactive,7,33145456,62.93,2024-09-19
788,fed955dc-6,Richard Strong,49,14.0,conservative,8,16613236,59.5,2024-09-19
789,691da019-c,Julian Lewis,46,11.0,proactive,5,25463189,61.43,2024-09-19
790,051b0b14-2,Nathan Shelton,46,11.0,conservative,8,18447837,47.8,2024-09-19
791,b6decbd7-f,William Houston,47,8.0,proactive,2,30619790,62.95,2024-09-19
792,9ccc3a45-1,Thomas Macdonald,51,16.0,proactive,6,11663552,58.08,2024-09-19
793,96cb112b-7,Mark Anderson,49,7.0,conservative,4,17984100,44.82,2024-09-19
794,89b1861b-c,Shane Watson,55,24.0,conservative,6,26411380,37.45,2024-09-19
795,434c5140-5,Matthew Everett,48,5.0,conservative,3,22422306,49.17,2024-09-19
796,5886fcbe-3,Edward Fisher,45,7.0,proactive,8,33573400,58.62,2024-09-19
797,f8ab53c3-9,Shaun Bradford,51,18.0,proactive,6,82741473,65.18,2024-09-19
798,3d91387f-2,William Anderson III,50,0.0,conservative,4,24746768,40.69,2024-09-19
799,d8ca04d3-9,William Skinner,40,1.0,proactive,4,15533946,58.06,2024-09-19
800,b24edabe-2,Jimmy Gonzalez,46,13.0,proactive,6,27743523,58.29,2024-09-19
801,443aa800-7,Glenn Jones,53,28.0,proactive,8,77040880,61.17,2024-09-19
802,955ae473-f,Trevor Haynes,48,8.0,proactive,4,70128697,59.25,2024-09-19
803,611ce497-4,Mark Harris,44,6.0,conservative,2,10299019,48.21,2024-09-19
804,6d10584a-a,Reginald Garcia,44,9.0,conservative,4,24233814,48.8,2024-09-19
805,2afc32ba-2,Edward Campbell,41,12.0,conservative,5,10231357,44.55,2024-09-19
806,a897204e-a,Thomas Rogers,47,25.0,proactive,4,20194392,63.49,2024-09-19
807,283d5592-d,Robert Wilson,55,13.0,proactive,6,30548837,60.04,2024-09-19
808,ba620cdc-7,Jerome Walker,38,5.0,proactive,8,33748476,53.58,2024-09-19
809,32ddaa4e-d,Jay Kirk,51,19.0,proactive,7,26767469,58.51,2024-09-19
810,1af7f86d-f,Anthony Wolfe,54,24.0,proactive,9,21097795,57.86,2024-09-19
811,150c8684-1,Bryan Knight,51,10.0,proactive,8,12211361,63.68,2024-09-19
812,2fc6f4e9-f,Christopher Gilmore,48,8.0,proactive,8,17787573,56.29,2024-09-19
813,1332b6e2-c,Jeffrey Harvey,39,4.0,proactive,3,16368426,58.54,2024-09-19
814,b7af1bf6-1,Gregory Jones,42,5.0,conservative,7,21394134,43.26,2024-09-19
815,0fbe5b59-f,Erik Reed,46,9.0,conservative,7,49884962,53.35,2024-09-19
816,86427bdf-0,Joshua Todd,38,7.0,conservative,3,10929164,40.05,2024-09-19
817,c6450719-b,Daniel Lin PhD,49,11.0,conservative,4,34012654,49.62,2024-09-19
818,6468e3bb-f,David Shannon,47,3.0,proactive,7,19790058,58.85,2024-09-19
819,e85e1cce-a,Trevor Gonzalez,47,17.0,proactive,7,66668483,59.58,2024-09-19
820,3b270708-c,Frank Hunter,53,22.0,conservative,7,18721262,48.77,2024-09-19
821,e2b9ce55-5,Jason Lewis,51,21.0,conservative,8,25691185,48.99,2024-09-19
822,4042bba6-d,Kenneth Lester,58,22.0,conservative,6,11850429,44.13,2024-09-19
823,3c3f2175-b,Darrell Petty,50,8.0,proactive,7,71897727,57.66,2024-09-19
824,e5993125-b,Jose Sanchez,53,20.0,proactive,6,33582463,62.83,2024-09-19
825,2153743e-5,William Crawford,53,29.0,proactive,9,24445769,57.59,2024-09-19
826,f71ef38f-6,Jesse Herrera,52,12.0,conservative,5,18899925,54.87,2024-09-19
827,489ecdc6-9,Robert Navarro,51,30.0,proactive,6,38275836,58.5,2024-09-19
828,25981826-d,Benjamin Crawford MD,55,19.0,proactive,9,26852960,60.97,2024-09-19
829,59904d79-9,Michael Smith,51,25.0,conservative,9,17077324,41.52,2024-09-19
830,56f0e1b3-3,Alexis Perkins,44,7.0,conservative,3,96337481,50.05,2024-09-19
831,0586b9a4-2,Jeffery Sparks,48,8.0,proactive,4,14109119,58.81,2024-09-19
832,f2519b2d-8,Ryan West,51,10.0,proactive,3,31870298,57.41,2024-09-19
833,66e38fe7-e,Marcus Jones,47,11.0,proactive,6,18884690,58.82,2024-09-19
834,f05d91ad-a,James Rose,44,10.0,proactive,7,32304949,60.09,2024-09-19
835,be1f9d10-a,David Martinez,49,6.0,conservative,4,31833859,36.74,2024-09-19
836,7f21597b-3,Brett Donovan,47,0.0,proactive,7,22192218,57.11,2024-09-19
837,8fa1142b-1,Yvonne Elliott,53,27.0,conservative,4,26393061,36.77,2024-09-19
838,02101661-d,Mathew Mcguire,52,20.0,conservative,8,28754860,43.76,2024-09-19
839,361793eb-9,Jose Hernandez,43,6.0,conservative,2,20523896,47.64,2024-09-19
840,d4763077-3,David Cook,49,14.0,proactive,6,13426754,67.24,2024-09-19
841,27f53393-f,David Taylor Jr.,58,17.0,conservative,8,32064593,52.49,2024-09-19
842,973f548d-9,Jonathan Marsh,38,4.0,proactive,8,32464396,57.76,2024-09-19
843,641b5228-4,Brandon Blankenship,54,23.0,conservative,6,21597433,44.9,2024-09-19
844,f6e98209-a,Mr. Don Watkins,49,13.0,conservative,8,17779800,41.78,2024-09-19
845,444a0613-b,Justin Gardner,56,18.0,proactive,6,92322431,59.31,2024-09-19
846,2702cd57-d,Micheal Day,48,12.0,proactive,5,21983131,60.49,2024-09-19
847,c695f153-6,David Davis,43,7.0,conservative,2,55576857,39.38,2024-09-19
848,340b10f6-a,Travis Werner,50,15.0,proactive,5,25470787,62.02,2024-09-19
849,c3712e9c-f,Andre Hancock,47,10.0,proactive,2,21016823,57.85,2024-09-19
850,bd9acb9f-7,Martin Johnson,57,21.0,conservative,7,26730938,36.46,2024-09-19
851,cbbc50ec-5,Annette Kelly,52,23.0,conservative,9,11321137,43.94,2024-09-19
852,93e44ec9-5,Joel Howard,52,17.0,conservative,7,13363106,52.25,2024-09-19
853,50a7c2f5-9,Frank Brown,53,15.0,proactive,4,16134175,58.28,2024-09-19
854,ba3758cb-a,Vincent Williams Jr.,53,17.0,conservative,8,25812199,42.48,2024-09-19
855,19be9c47-e,Michael Coleman,49,17.0,conservative,4,43629979,38.51,2024-09-19
856,940779db-6,Sandra Martinez,49,12.133540372670808,conservative,3,42300252,49.06,2024-09-19
857,f110642c-1,Marc Walters,47,5.0,proactive,3,24654257,61.93,2024-09-19
858,42310e2e-b,Reginald Allen,43,0.0,proactive,7,99485464,57.51,2024-09-19
859,25c55dfd-7,Jose Park,39,0.0,conservative,8,23608280,40.73,2024-09-19
860,1a6e2c1d-c,Mr. Michael Kelly,50,16.0,conservative,6,30856611,38.88,2024-09-19
861,b6ce46b3-5,Charles Knox,44,12.0,proactive,8,62332459,59.99,2024-09-19
862,fff963f7-1,Dr. Kevin Porter,52,22.0,proactive,7,31978001,60.27,2024-09-19
863,b88d1102-7,Robert Abbott,42,13.0,proactive,8,30769301,59.39,2024-09-19
864,4ef4816f-d,Amy Beck,52,19.0,conservative,4,35547382,40.98,2024-09-19
865,7cd32436-5,Nicholas Cox,55,25.0,conservative,7,19761644,47.87,2024-09-19
866,e975a383-c,Neil Herring,45,7.0,proactive,3,18091756,58.02,2024-09-19
867,b4db587c-9,Thomas Campbell,49,11.0,conservative,4,67906530,45.52,2024-09-19
868,27bba4c3-e,Robert Hall,47,3.0,conservative,8,13990522,51.84,2024-09-19
869,0007de9e-1,Gary Gonzalez,47,5.0,conservative,3,99664405,44.15,2024-09-19
870,6e364023-4,John Fletcher,45,11.0,proactive,8,24891855,58.67,2024-09-19
871,78ae39c9-3,David Miller,46,15.0,proactive,6,56671924,59.76,2024-09-19
872,4d1a15ac-5,Logan Meyer,48,3.0,proactive,8,30440990,56.84,2024-09-19
873,3fde9cbd-7,Mr. Timothy Patterson III,46,11.0,proactive,8,25375598,62.5,2024-09-19
874,ed5b9f3e-c,John Howard,43,16.0,conservative,9,19202933,42.44,2024-09-19
875,fd91f9ba-8,Brian Strickland,46,13.0,proactive,5,22469662,61.17,2024-09-19
876,3fff1b6e-e,Brandon Cruz,53,23.0,proactive,6,10497416,59.77,2024-09-19
877,adaaa2f0-e,Gregory Brown,44,4.0,conservative,4,29089862,51.6,2024-09-19
878,07eed349-e,Dr. Wayne Wright MD,49,15.0,proactive,5,16027229,61.65,2024-09-19
879,cbf08871-0,Alan Brown,43,8.0,proactive,7,31431132,60.05,2024-09-19
880,a7a3a8c1-8,Ryan Bridges,47,9.0,proactive,3,14941602,58.86,2024-09-19
881,66cf3d3e-8,Jason Johnson,43,20.0,proactive,4,30492373,60.9,2024-09-19
882,6207060f-b,Cameron Atkins,45,8.0,conservative,3,87309070,44.95,2024-09-19
883,fe868d96-6,Thomas Anderson,42,10.0,conservative,3,29292035,49.1,2024-09-19
884,491a546f-3,Charles Skinner,47,7.0,proactive,2,18307948,58.46,2024-09-19
885,a2927162-a,Phillip Escobar,39,6.0,proactive,7,20946964,63.96,2024-09-19
886,9b92a082-9,Brian Wallace,47,3.0,proactive,2,17974775,61.76,2024-09-19
887,ffedbf74-a,Thomas Ochoa,57,19.0,proactive,6,22916520,63.64,2024-09-19
888,c643afdf-8,Thomas Smith,38,6.0,proactive,8,33548280,61.1,2024-09-19
889,d365fd6e-1,Mr. Patrick Morgan DVM,54,22.0,proactive,8,30947024,63.5,2024-09-19
890,8cbb528b-f,Joshua Bullock,45,12.0,proactive,4,18234899,63.16,2024-09-19
891,bd691daa-3,William Powell,50,4.0,conservative,4,18924069,44.43,2024-09-19
892,dd8a161a-7,Dennis Webb,45,2.0,proactive,7,22596717,61.28,2024-09-19
893,fd0c9ec1-d,David Rangel,46,12.133540372670808,proactive,4,18950712,59.87,2024-09-19
894,0e1fc5d5-e,Michael Murphy,42,15.0,proactive,8,49456947,57.65,2024-09-19
895,26df5109-8,David Ruiz,49,13.0,proactive,4,46065982,63.97,2024-09-19
896,2bda32dc-f,Willie Jones,37,6.0,conservative,2,23900894,45.35,2024-09-19
897,b5b79cf1-f,Shawn Green,47,13.0,proactive,6,83681090,59.9,2024-09-19
898,80cd9629-2,Daniel Sawyer,42,13.0,conservative,4,11402175,57.51,2024-09-19
899,8a9a384b-8,Tristan Coleman,47,2.0,conservative,3,29753755,43.66,2024-09-19
900,6216c741-1,Mark Wilkerson,56,12.0,conservative,4,69963510,52.59,2024-09-19
901,9f4b52cf-8,Bryce Lee,39,2.0,proactive,8,30237242,61.42,2024-09-19
902,eab1023c-1,Richard Flores,40,7.0,conservative,3,21659663,44.32,2024-09-19
903,03da4561-6,Robert Jones,40,1.0,proactive,4,67390548,59.12,2024-09-19
904,abdd3a4e-0,Stephen Lopez,47,5.0,proactive,7,27831338,61.2,2024-09-19
905,0a326f03-3,Jared Reeves,43,6.0,proactive,3,17591502,60.65,2024-09-19
906,086f38f8-4,Nicholas Lawson,50,10.0,proactive,4,10273980,59.96,2024-09-19
907,da0edc47-5,Russell Graham,51,17.0,conservative,8,12719244,41.51,2024-09-19
908,899e038f-6,Christian Garcia,54,32.0,conservative,4,19747191,45.04,2024-09-19
909,2ac2c945-8,Ronald Clayton,56,18.0,proactive,8,14419513,61.03,2024-09-19
910,d0eb58b2-6,Jonathan Brown,52,14.0,conservative,4,27840680,47.36,2024-09-19
911,222bb314-6,Mike David,42,1.0,proactive,4,29498159,58.16,2024-09-19
912,8995be48-c,Scott Clark DDS,44,10.0,conservative,3,25434518,51.33,2024-09-19
913,0803fe44-9,Jason Tucker,52,17.0,proactive,4,24578714,59.99,2024-09-19
914,f21901c8-0,Martin Gardner,55,17.0,conservative,9,33500681,41.92,2024-09-19
915,b67bedb5-2,Steven Barnett,47,8.0,proactive,8,23727577,60.01,2024-09-19
916,69d5af2c-3,Jimmy Brooks,45,6.0,proactive,8,28327909,60.26,2024-09-19
917,c81df4a7-3,Steven Ruiz,45,22.0,conservative,9,10906516,46.28,2024-09-19
918,b14640d4-6,Nicholas Patel,45,3.0,conservative,4,18628134,44.71,2024-09-19
919,fbbd02e3-b,Terrence Hampton,54,19.0,proactive,9,16291318,63.18,2024-09-19
920,8460ef47-6,Nicholas Martinez,56,18.0,proactive,6,10008392,60.74,2024-09-19
921,d52284fa-8,Adam Turner,50,16.0,conservative,7,63052683,46.99,2024-09-19
922,d80008e5-c,Anthony Oconnell,44,13.0,proactive,5,50009989,61.17,2024-09-19
923,79ab8f7a-c,Daniel Clark,46,13.0,conservative,4,83616092,41.22,2024-09-19
924,16935a51-9,Timothy Robertson,50,7.0,conservative,2,64713507,52.89,2024-09-19
925,a3f9a7d3-f,Robert Kelley,47,14.0,proactive,4,96961596,54.06,2024-09-19
926,6dec8e93-4,Jacob Brooks,57,20.0,conservative,7,20585832,41.39,2024-09-19
927,698e385a-a,David Lawrence,54,15.0,proactive,4,24306620,61.16,2024-09-19
928,1c63864b-0,Timothy Burke,44,7.0,conservative,4,48204624,45.26,2024-09-19
929,dcf5aeae-b,Sean Schwartz,48,2.0,proactive,7,13569760,60.35,2024-09-19
930,fa33b9b4-1,Michael Schmidt,42,5.0,proactive,2,29442078,60.1,2024-09-19
931,edad4d14-9,Michael Vega,45,14.0,proactive,5,98257298,61.15,2024-09-19
932,372f63b8-6,Jodi Green,44,9.0,conservative,2,26486771,42.19,2024-09-19
933,7a1bbc9a-2,Paul Lowe,47,0.0,conservative,3,29607288,34.27,2024-09-19
934,4c214ae8-b,Jermaine Farmer,41,7.0,conservative,7,11095479,41.24,2024-09-19
935,b29e6845-f,John Glass,47,2.0,proactive,7,18463455,57.52,2024-09-19
936,3ec1b4cb-3,Richard Delacruz,48,14.0,proactive,5,16430282,61.61,2024-09-19
937,31263d54-a,Mike Howard,43,4.0,conservative,8,10187667,48.58,2024-09-19
938,e926ed8e-d,Cheyenne Navarro,45,13.0,proactive,6,62808369,62.09,2024-09-19
939,32e9d2bf-a,John Barton,55,15.0,proactive,4,38689999,58.56,2024-09-19
940,3f65b5f0-b,Scott Underwood,41,5.0,proactive,2,64897634,62.79,2024-09-19
941,637106fd-e,Tracy Arroyo,48,15.0,proactive,6,13193143,59.18,2024-09-19
942,b38a38cb-a,William Cooper,50,7.0,proactive,8,16301082,60.5,2024-09-19
943,73d65442-b,Gregory Hood,45,11.0,conservative,8,25047292,48.56,2024-09-19
944,398a0bad-2,John Winters,49,8.0,proactive,8,32628685,60.75,2024-09-19
945,30d78c1a-e,Larry Mccoy,49,0.0,proactive,2,29017409,62.38,2024-09-19
946,1e49c3d1-f,Ethan Palmer,55,20.0,conservative,7,69638306,45.28,2024-09-19
947,d08282df-9,Michael Parker,51,19.0,conservative,8,29283906,41.24,2024-09-19
948,eba11fb1-3,Michael Lynch,46,11.0,conservative,6,13825067,48.85,2024-09-19
949,ff1fb2a1-f,Keith Walters,49,6.0,proactive,4,31472253,60.89,2024-09-19
950,f682bcd8-8,Jennifer Baker,45,6.0,conservative,7,13227936,52.85,2024-09-19
951,08d2e904-2,Christopher Day,49,9.0,conservative,3,31664257,41.26,2024-09-19
952,fca988a8-c,Chad Golden,54,28.0,conservative,7,10869458,48.23,2024-09-19
953,9632e3c7-7,Carlos Hall,43,8.0,proactive,8,23901462,61.46,2024-09-19
954,f925b5ca-6,Robert Munoz,46,12.0,conservative,4,21886845,45.59,2024-09-19
955,a208b02a-e,Robert Kim,46,7.0,proactive,2,83766221,61.24,2024-09-19
956,c8f5baf4-c,Gerald Rodriguez,50,17.0,conservative,9,11362951,48.62,2024-09-19
957,755ec7e6-f,Christopher Adams,44,15.0,conservative,4,26207692,49.49,2024-09-19
958,41281b64-4,John Jones,57,22.0,proactive,4,74647097,58.79,2024-09-19
959,f5b720ad-4,Douglas Gillespie,43,8.0,proactive,7,76939443,61.35,2024-09-19
960,f158a685-c,Robert Miles,46,11.0,proactive,4,17287024,60.3,2024-09-19
961,4f9009b3-4,David Friedman,42,3.0,proactive,4,21936724,59.66,2024-09-19
962,19843be4-3,Kevin Arroyo,56,17.0,proactive,9,19351626,62.47,2024-09-19
963,6f30ee2c-5,George Phillips,48,8.0,conservative,2,16154327,47.93,2024-09-19
964,1194e913-7,Mark Johnson,43,11.0,conservative,4,16974912,47.99,2024-09-19
965,4a8d9b68-e,Juan Davis,45,10.0,proactive,2,73084601,63.29,2024-09-19
966,b9505b5e-c,David Mccoy,41,6.0,conservative,7,29754543,45.73,2024-09-19
967,8dc3ec8e-3,Jose Barnes,43,7.0,proactive,4,50163414,60.58,2024-09-19
968,524d64b1-7,Timothy Owens,55,18.0,proactive,7,22377469,60.46,2024-09-19
969,d73b6158-3,Justin Nelson,43,8.0,proactive,8,53838896,66.05,2024-09-19
970,ce75c223-e,Russell Velasquez,53,22.0,proactive,9,20996187,63.94,2024-09-19
971,425e0b7f-f,Shawn Frank,49,21.0,conservative,8,28136927,39.87,2024-09-19
972,660adcf3-1,Kenneth Hopkins,40,6.0,proactive,8,15409985,61.62,2024-09-19
973,2239cebd-3,Kevin Lane,41,5.0,conservative,7,95917365,47.91,2024-09-19
974,a190cd36-6,Christopher Daniel,46,15.0,conservative,8,12201083,42.35,2024-09-19
975,f18d1c54-9,Melvin Lang,52,21.0,proactive,6,92186250,62.33,2024-09-19
976,c2dae66f-1,Darrell Sanders,49,11.0,proactive,6,21201884,59.19,2024-09-19
977,1ed63454-0,Erin Anderson,50,9.0,proactive,4,74086764,57.48,2024-09-19
978,2cbae81c-7,Joshua Powers,46,0.0,proactive,2,11486762,58.34,2024-09-19
979,b068ba5e-8,Joseph Clark,54,10.0,conservative,8,51379229,47.71,2024-09-19
980,b75805be-9,Robert Fitzgerald,49,14.0,conservative,8,54866249,49.66,2024-09-19
981,614bd54d-c,Timothy Schroeder,55,13.0,proactive,6,16482316,61.91,2024-09-19
982,7b3aa465-7,Mark Powell,52,25.0,proactive,7,75875792,61.85,2024-09-19
983,3c92081f-b,Melissa Lowe,47,5.0,proactive,7,45955099,60.95,2024-09-19
984,041e1b9b-6,Roger Quinn,49,16.0,conservative,6,10236020,51.44,2024-09-19
985,52eea9ac-f,James Ingram,39,7.0,proactive,3,24015925,58.14,2024-09-19
986,457af3b7-3,Jesus Larsen,49,10.0,proactive,8,74796611,60.17,2024-09-19
987,6e4562c4-9,John Jennings,42,5.0,proactive,2,14680861,59.81,2024-09-19
989,5feb9451-f,John Clayton,51,21.0,conservative,4,30111336,42.44,2024-09-19
990,522e66b8-5,Daniel Brown,57,17.0,proactive,6,17366141,59.2,2024-09-19
991,5140d759-9,Jose Martin,52,21.0,proactive,4,60858923,60.74,2024-09-19
992,f4b51f64-b,Raymond Wade,54,15.0,conservative,8,31463722,43.3,2024-09-19
993,fcad7022-3,Brendan Clarke,48,5.0,proactive,7,96621929,60.18,2024-09-19
994,e06e8543-b,Jeremy Thomas,48,7.0,conservative,8,35477069,38.65,2024-09-19
995,0ce59d4c-5,Cameron Davis,44,8.0,conservative,2,31878880,42.89,2024-09-19
996,61bd109a-4,Joshua Blair,48,3.0,proactive,4,11610010,60.05,2024-09-19
997,80368179-4,Anthony Waters,50,15.0,conservative,6,12725734,48.41,2024-09-19
998,bf2f77e5-9,Jonathan Green,52,21.0,conservative,4,23941587,45.41,2024-09-19
999,3e8d04c1-a,Thomas Wagner,42,16.0,conservative,7,99016854,54.59,2024-09-19
1000,45a14e9e-0,Michael Martinez,47,6.0,conservative,4,34009707,36.26,2024-09-19
1001,456a82c9-5,Scott Wilkins,49,5.0,proactive,7,23939310,63.38,2024-09-19
1002,29bacd8b-f,Daniel Ellison,50,10.0,conservative,4,16376219,45.42,2024-09-19
1003,4e387d30-1,Peter Holt,54,21.0,proactive,7,53651873,58.23,2024-09-19
1004,e384eb45-0,James Graham,45,10.0,proactive,4,19190763,63.15,2024-09-19
1005,70a2a741-f,Allen Galvan,48,12.0,proactive,5,15372000,58.62,2024-09-19
1006,17a4300f-d,Christina Woods,45,9.0,conservative,2,10868310,44.24,2024-09-19
1007,b55d2880-e,Daniel Lee,39,5.0,proactive,4,26486445,58.72,2024-09-19
1008,b9d4bfb4-d,Marc West,51,24.0,proactive,8,33976838,57.8,2024-09-19
1009,25066074-4,Sean Pacheco,41,10.0,conservative,8,22851295,49.35,2024-09-19
1010,ad2e093b-a,Tommy Bennett,53,18.0,proactive,6,30154214,59.74,2024-09-19
1011,6fdfe4a2-1,Tonya Rodriguez,54,20.0,proactive,4,25598499,59.46,2024-09-19
1012,03fed3e9-2,Jason Horne,51,9.0,conservative,8,44289374,46.39,2024-09-19
1013,7c30dc9a-e,Kevin Patel Jr.,51,12.0,conservative,6,41968183,46.24,2024-09-19
1014,28bd3278-d,Lance Randolph,51,26.0,conservative,8,45895754,50.93,2024-09-19
1015,5f16290a-c,Bailey Larson,44,16.0,proactive,6,85129439,61.13,2024-09-19
1016,be4f293c-0,Jody Martin,51,19.0,conservative,9,12246257,40.23,2024-09-19
1017,c8108fb5-d,Eric Torres,46,5.0,proactive,3,17922122,60.6,2024-09-19
1018,2635cbf0-c,Kevin Johnson,42,16.0,conservative,6,10960110,53.0,2024-09-19
1019,3fe77f58-0,Jacob Stevens,49,13.0,conservative,6,95011081,43.64,2024-09-19
1020,0ce99984-3,Gregory Giles,45,11.0,proactive,6,17709480,62.22,2024-09-19
1021,1ccd859d-a,Joseph Sawyer,41,11.0,proactive,6,56036368,59.36,2024-09-19
1022,363151a2-e,Thomas Goodman,45,15.0,proactive,4,10379022,59.05,2024-09-19
1023,d792d588-4,Antonio Wolfe,45,11.0,proactive,6,98608929,58.08,2024-09-19
1024,76f8e0f6-e,Alexander Ramirez,51,14.0,conservative,6,14708548,40.88,2024-09-19
1025,c0bf02ef-0,James Trujillo,49,4.0,proactive,8,19336784,59.19,2024-09-19
1026,36551a9c-4,Sarah Wells,52,19.0,conservative,4,56162463,37.37,2024-09-19
1027,486022cf-4,Timothy Aguilar,42,5.0,conservative,3,23995242,50.73,2024-09-19
1028,aca3cd07-9,Timothy Gallegos,56,22.0,conservative,6,56073339,41.31,2024-09-19
1029,2e6de06e-2,Joshua Mack,45,10.0,conservative,3,42958017,46.13,2024-09-19
1030,ffd07efc-3,Jay Jones,51,23.0,conservative,8,17070888,44.06,2024-09-19
1031,b0c666f2-a,Kevin Cardenas,55,24.0,proactive,8,12063845,61.23,2024-09-19
1032,b09c7da2-f,Cesar Sanford,44,15.0,proactive,6,20951755,58.95,2024-09-19
1033,b1ced21b-d,Jacob Blair,48,14.0,proactive,4,30083380,59.37,2024-09-19
1034,d52f2805-6,Robert Foster,47,4.0,conservative,2,14351038,44.29,2024-09-19
1035,17a5f414-8,Bobby Martinez,46,11.0,conservative,6,75811218,41.06,2024-09-19
1036,03984b13-8,Victor Terry,38,0.0,conservative,8,12553048,40.56,2024-09-19
1037,d865c643-e,Michael Bowman,47,5.0,conservative,3,17898515,43.9,2024-09-19
1038,ba9975de-2,Christian Frey,48,6.0,proactive,8,72508517,57.19,2024-09-19
1039,2e19973a-9,Erik Bauer,48,13.0,proactive,4,36435167,60.29,2024-09-19
1040,8bf4ed2b-6,Jeffrey Sharp,49,12.0,proactive,6,26126395,57.02,2024-09-19
1041,8c6a7642-d,Joseph Riley,45,9.0,proactive,2,59336459,60.59,2024-09-19
1042,b58e092c-5,Jay Woodard,55,26.0,proactive,6,24932516,65.85,2024-09-19
1043,f102ceb2-c,Patrick Hoffman,53,11.0,conservative,5,22544092,41.71,2024-09-19
1044,51acd57b-4,Kenneth Pena,45,14.0,proactive,4,16607545,62.76,2024-09-19
1045,fe5449bd-f,Kevin Mueller,43,5.0,conservative,3,20898520,39.21,2024-09-19
1046,783a6481-a,William Lane,42,8.0,proactive,3,31038386,59.64,2024-09-19
1047,c0593c16-d,Bradley Clarke,45,13.0,conservative,5,31815604,43.33,2024-09-19
1048,6c7c7efe-e,David Conway,49,9.0,conservative,4,12166884,43.72,2024-09-19
1049,e3b5b27a-1,Charles Salas,49,11.0,proactive,4,12857613,60.51,2024-09-19
1051,5e9ae6dc-f,Adam Lara,43,11.0,conservative,4,21634234,39.2,2024-09-19
1052,07e07ec7-6,Ricky Newman,42,12.0,proactive,5,36527850,58.02,2024-09-19
1053,e07685ea-6,Lauren Arias,49,6.0,proactive,7,29164114,61.76,2024-09-19
1054,14763acd-d,Jesse Ortiz,49,12.0,proactive,5,89423614,57.07,2024-09-19
1055,0257f2f2-c,Shannon Salinas,45,8.0,proactive,3,16793343,60.05,2024-09-19
1056,e2d12bdf-8,Joshua Lyons,52,17.0,proactive,9,40564954,61.58,2024-09-19
1057,febb24d2-d,Daniel Martinez,48,16.0,proactive,8,29206938,58.9,2024-09-19
1058,c48a09ed-f,Austin English,45,14.0,proactive,5,28243295,58.47,2024-09-19
1059,1fe3d432-5,Steven Franklin,58,13.0,conservative,4,13495355,45.64,2024-09-19
1060,f3091ad6-1,Brian Hernandez,41,22.0,conservative,8,23946492,45.98,2024-09-19
1061,1a97f3fd-6,Tiffany Houston,53,24.0,conservative,4,32731637,43.66,2024-09-19
1062,6e957395-6,Noah Morgan,53,24.0,proactive,4,23286874,63.06,2024-09-19
1063,0ed49fb4-c,Nathan Walker,52,24.0,conservative,8,37604602,45.23,2024-09-19
1064,55ffaf51-a,Thomas Owens,51,19.0,conservative,7,10991097,43.28,2024-09-19
1065,7fd554ae-7,Donald Oliver,46,1.0,conservative,7,10056827,46.37,2024-09-19
1066,a4329dc5-e,Joshua Ward,51,18.0,conservative,8,60559337,46.02,2024-09-19
1067,21376737-6,Christopher Gates,42,6.0,conservative,2,31133482,43.15,2024-09-19
1068,dfb10059-a,Jeffrey Adams,47,4.0,proactive,8,28776587,58.52,2024-09-19
1069,8ece41c7-1,Joshua Fisher,48,19.0,proactive,7,22231790,58.85,2024-09-19
1070,8d4a3ab3-b,Theodore Rodriguez,45,13.0,proactive,5,17905159,64.37,2024-09-19
1071,56abd250-d,Julie Gomez,45,19.0,proactive,7,32252915,62.54,2024-09-19
1072,c9f63e7f-9,Joseph Kline,41,14.0,conservative,4,30978201,44.4,2024-09-19
1073,b99436d4-7,Steve Garcia,59,14.0,proactive,4,78342290,62.63,2024-09-19
1074,e8764914-f,Juan Johnson,46,5.0,proactive,7,90120575,60.28,2024-09-19
1075,d3055f79-6,Christopher Hill,45,9.0,conservative,3,16407705,42.37,2024-09-19
1076,71057b2b-0,Martin Calderon,54,24.0,conservative,7,31583570,39.63,2024-09-19
1077,8411f939-8,Barry Gentry,48,11.0,conservative,8,20828859,46.92,2024-09-19
1078,8bc8aeef-e,Nathan Vega,47,5.0,proactive,8,13251015,58.51,2024-09-19
1079,f5986768-1,Mark Sanchez,46,7.0,proactive,7,22885978,59.89,2024-09-19
1080,e0cfcf49-0,Tracey Wright,51,25.0,proactive,9,33570035,59.56,2024-09-19
1081,c7d67abf-d,Pedro Floyd,54,19.0,conservative,9,18604747,38.97,2024-09-19
1082,ae3d52e1-f,Sara Knight,50,8.0,proactive,8,32916983,61.01,2024-09-19
1083,957714e0-e,Zachary Campbell,43,14.0,proactive,5,13422818,61.74,2024-09-19
1084,f44f49c0-3,Adam Johnson,46,25.0,conservative,9,31451827,37.44,2024-09-19
1086,b9112cfd-8,Jeffrey David,49,7.0,proactive,2,32555803,58.8,2024-09-19
1087,1b2aad81-c,Victor Gutierrez,47,10.0,conservative,3,80360456,47.18,2024-09-19
1088,ca8609ff-f,Jacob Gomez,51,29.0,conservative,9,16389693,45.48,2024-09-19
1089,1898615b-2,David Wheeler,47,8.0,conservative,4,29663176,51.29,2024-09-19
1090,06bc454e-1,Devon Fernandez,52,19.0,proactive,7,15091061,59.78,2024-09-19
1091,823f88f4-2,Mark Chandler,46,14.0,proactive,5,66446461,59.46,2024-09-19
1092,c6766993-3,David Hawkins,53,18.0,conservative,6,74678175,48.54,2024-09-19
1093,0ef643a5-4,Jordan Smith,48,18.0,proactive,6,10714595,64.8,2024-09-19
1094,f763b55e-0,Angel Fritz,52,18.0,proactive,7,27204262,56.28,2024-09-19
1095,4e98ea31-5,Albert Barron,43,1.0,proactive,2,31057961,61.26,2024-09-19
1096,4cc9f8cd-5,Gregory Salazar,55,22.0,proactive,8,96122275,62.7,2024-09-19
1098,6b22c936-1,Brian Hall,37,8.0,conservative,4,13032213,52.48,2024-09-19
1099,47a1852b-a,Raymond Richardson,43,7.0,proactive,8,13818055,59.0,2024-09-19
1100,dc32065c-4,Leonard Jones,52,24.0,proactive,7,15253275,59.67,2024-09-19
1101,a171365f-6,Robert Estes,49,14.0,proactive,4,31823479,61.68,2024-09-19
1102,21cca60e-7,Keith Wagner,42,14.0,proactive,4,12095369,57.86,2024-09-19
1103,a66b4d3d-b,James Williams,38,2.0,proactive,7,23633322,59.88,2024-09-19
1104,85a6ca13-5,Theodore Clark,52,19.0,proactive,7,30972126,55.92,2024-09-19
1105,5b7433a4-b,Sherry Parker,40,3.0,conservative,3,27715877,46.56,2024-09-19
1106,61b907ef-f,William Brown,44,11.0,proactive,4,31051475,60.92,2024-09-19
1107,0b300716-5,Roger Mora,51,22.0,conservative,7,77665093,40.66,2024-09-19
1108,23af6d7a-a,Robert Castillo,45,12.0,conservative,5,64789793,39.36,2024-09-19
1109,a3a1b812-2,Javier Williams,50,5.0,proactive,2,33325876,60.84,2024-09-19
1110,bc6636de-b,Keith Savage,49,5.0,proactive,2,44352561,57.97,2024-09-19
1111,3e2d2ff9-9,Francis Larson,43,8.0,conservative,8,18144529,38.84,2024-09-19
1112,6dd84830-1,Jacob Weaver,47,6.0,conservative,2,18247041,41.01,2024-09-19
1113,9ac5e2d4-3,Donald Garza,44,5.0,conservative,4,86291484,41.34,2024-09-19
1114,f99be67e-d,Carrie Nicholson,53,18.0,proactive,4,31289643,60.11,2024-09-19
1115,19c1ef1a-a,Joshua Robertson,42,10.0,proactive,7,20559907,59.65,2024-09-19
1116,6a2bd8a7-6,Molly Lee,50,17.0,proactive,6,12141617,61.89,2024-09-19
1117,b0a6a69c-c,Dr. Evan Barajas,36,2.0,proactive,2,13274951,58.64,2024-09-19
1118,27807b36-9,Brent Romero,54,20.0,conservative,8,18196993,52.72,2024-09-19
1119,16d875ee-3,Roberto Reed,45,7.0,conservative,3,19360154,32.49,2024-09-19
1120,55f4d3bf-9,Jeffrey White,49,9.0,proactive,2,12554904,62.03,2024-09-19
1122,dbc14db2-6,Eric Baker,45,7.0,proactive,7,29667989,61.49,2024-09-19
1123,fb6a2c68-5,Thomas Wright,48,17.0,conservative,7,24268814,44.3,2024-09-19
1124,8e04669b-b,Matthew Love,51,20.0,conservative,9,17999068,44.44,2024-09-19
1125,d1921a5c-6,William Guzman,46,8.0,conservative,8,30002039,43.34,2024-09-19
1126,de188c7f-f,Walter Scott,44,3.0,proactive,8,20826347,62.97,2024-09-19
1127,6531de3d-0,Eric Berry,53,27.0,proactive,4,28775810,59.37,2024-09-19
1128,122225e7-6,Amanda Wilson,47,10.0,proactive,3,25940992,57.32,2024-09-19
1129,0a1e7169-1,Kevin Torres,37,5.0,conservative,2,24062736,48.9,2024-09-19
1130,be7890ad-1,Kevin Webster,50,4.0,conservative,2,27490665,45.77,2024-09-19
1131,0a2dceef-9,Tyrone Weaver,46,5.0,proactive,8,26822470,63.05,2024-09-19
1132,5b6ca92a-4,Benjamin Case,45,7.0,conservative,7,20149429,54.18,2024-09-19
1133,19262a9c-c,Ronald King,41,10.0,proactive,7,29481033,60.12,2024-09-19
1134,8619b2bc-7,Victoria Mcintosh,47,7.0,conservative,4,85102578,46.0,2024-09-19
1135,619920f8-8,Mark Davis,55,17.0,conservative,7,22094647,38.64,2024-09-19
1136,11df6db5-7,Joel Harris,53,24.0,proactive,9,20202019,63.13,2024-09-19
1137,0987e50c-3,Christine Buchanan,51,18.0,conservative,7,15247179,40.35,2024-09-19
1138,b1590868-e,John Bush,53,16.0,proactive,9,23554931,59.22,2024-09-19
1139,68d50dd1-1,George Kline,49,14.0,conservative,6,18135510,37.84,2024-09-19
1140,72a195d9-9,Evan Sanchez,47,7.0,conservative,2,26741519,45.08,2024-09-19
1141,3360cf2f-4,Brian Holloway,54,14.0,proactive,4,18084245,59.49,2024-09-19
1142,f4a017c3-a,Mathew Cruz,45,2.0,proactive,4,39104873,60.72,2024-09-19
1143,2f1fc1ea-e,Ronald Gray,49,4.0,proactive,8,18773058,60.85,2024-09-19
1144,de1bb04d-9,Collin Wilkerson,46,11.0,proactive,6,88492487,59.43,2024-09-19
1145,54c2b470-3,Shane Walker,46,19.0,proactive,4,23097077,66.65,2024-09-19
1146,1327b4b3-3,Jeremy Evans,49,9.0,proactive,7,15838682,58.24,2024-09-19
1147,bb8fc9fd-b,Robert Miller,59,19.0,proactive,7,23393825,61.95,2024-09-19
1148,7a930087-a,Troy Graham,56,19.0,conservative,9,40343227,44.56,2024-09-19
1149,f97847c0-6,Michael Green,45,9.0,conservative,8,21382275,42.52,2024-09-19
1150,f48cbc8a-c,James Nichols,37,7.0,conservative,3,67332883,36.44,2024-09-19
1151,ae3416af-e,Joseph Lopez,50,6.0,proactive,8,65820129,57.06,2024-09-19
1152,fb00272d-9,Jason Lewis,47,15.0,conservative,8,61165323,38.87,2024-09-19
1153,3f5a8418-b,Antonio Ellis,46,18.0,proactive,8,16734265,57.84,2024-09-19
1154,d9d17dda-5,Elizabeth Short,52,23.0,proactive,9,24616820,58.53,2024-09-19
1155,a9dda5cc-f,Martin Miller,42,8.0,proactive,7,26176222,61.62,2024-09-19
1156,79cc870a-b,Jeffery Davis,47,6.0,proactive,2,21120933,57.03,2024-09-19
1157,51286928-2,Matthew Webster,45,2.0,conservative,4,11848608,49.93,2024-09-19
1158,f24f5f34-a,Justin Nelson,49,2.0,proactive,4,12975922,56.97,2024-09-19
1159,d3498788-e,Kristopher Estrada,50,12.133540372670808,proactive,4,27216192,62.05,2024-09-19
1160,51ddc191-8,Mathew Booker,42,13.0,conservative,5,17343503,38.75,2024-09-19
1161,8cb36729-4,Joseph Whitney,50,12.0,proactive,5,61002733,57.59,2024-09-19
1162,eface0fa-9,Mark Bird,42,11.0,proactive,5,25461065,59.51,2024-09-19
1163,84074a8a-1,Daniel Frost MD,44,17.0,conservative,4,25538488,32.16,2024-09-19
1164,49d22efd-3,Christopher Maddox,51,23.0,proactive,4,12036922,62.53,2024-09-19
1165,7dbe8934-8,Stanley Barnett,47,12.0,conservative,4,19606178,48.18,2024-09-19
1166,4eb2fc23-2,Thomas Huff,53,16.0,conservative,9,26392203,39.15,2024-09-19
1167,1a542e4f-2,Matthew Davis,49,9.0,proactive,8,15165874,59.01,2024-09-19
1168,2eda0cf9-8,Alex Sawyer,47,4.0,conservative,4,29238605,42.68,2024-09-19
1169,57ae15b1-6,William Porter,38,4.0,proactive,7,11574692,61.72,2024-09-19
1170,a7c336d9-2,Jason Figueroa,48,13.0,proactive,5,42839716,59.82,2024-09-19
1171,1427aca6-a,Joel Shelton,58,21.0,conservative,7,93764998,49.55,2024-09-19
1172,57f35f96-d,Larry Harrison,48,18.0,conservative,4,35800377,48.24,2024-09-19
1173,d7136ccb-7,Christopher Mueller,51,14.0,conservative,6,94412953,48.99,2024-09-19
1174,2d0cfc63-2,Robert Shaw,46,11.0,conservative,6,30236733,53.44,2024-09-19
1175,615027c8-9,Nathaniel Stevens,45,4.0,conservative,7,25681071,50.43,2024-09-19
1176,77b31830-3,Ronald Yu MD,52,19.0,conservative,4,68897712,48.91,2024-09-19
1177,41809d52-e,Willie Martin,49,11.0,conservative,8,15021460,55.07,2024-09-19
1178,e20460d4-d,David Baker,45,3.0,conservative,2,15936314,48.08,2024-09-19
1179,77aadc74-6,Cory Bradley,47,11.0,conservative,5,86300040,43.69,2024-09-19
1180,73e94458-5,Brian Mitchell,48,11.0,proactive,5,17455005,61.32,2024-09-19
1181,c394e928-4,Dr. Cody Thompson,52,14.0,conservative,6,30700835,43.72,2024-09-19
1182,74f66d5d-b,Gary Burns,42,5.0,proactive,3,20539869,59.15,2024-09-19
1183,6d1a55cc-2,Daniel Swanson,46,9.0,proactive,2,31283392,57.98,2024-09-19
1184,3f99b83d-8,Mark Coffey,49,20.0,proactive,8,11688127,58.29,2024-09-19
1185,6e1c04ff-f,Thomas Sanchez,41,8.0,conservative,2,21454082,47.91,2024-09-19
1186,4b40b4cd-b,Mark Moore,46,8.0,conservative,4,32206460,46.16,2024-09-19
1187,9731b1e1-d,Brandon Long,39,3.0,proactive,4,29724606,62.82,2024-09-19
1188,24259efb-9,Justin Cooper,48,11.0,conservative,5,16104031,47.64,2024-09-19
1189,364e7e67-6,Patrick Goodman,56,13.0,proactive,5,91314732,59.61,2024-09-19
1190,7d8fa142-e,Aaron Guzman,56,32.0,conservative,9,33267203,43.93,2024-09-19
1191,6b15a441-8,Michael Johnson,48,7.0,proactive,2,42562600,60.73,2024-09-19
1192,2d85e810-a,Joseph Fleming,39,7.0,conservative,2,30549431,40.74,2024-09-19
1193,acc30f33-2,Ralph Carter,52,13.0,proactive,6,27199418,58.6,2024-09-19
1194,a8286acf-9,Mark Mays,43,5.0,conservative,3,37803062,42.18,2024-09-19
1195,1717fad3-a,Craig Phillips,46,0.0,conservative,7,20839152,40.95,2024-09-19
1196,14dba0e5-2,James King,43,9.0,conservative,4,18312744,38.28,2024-09-19
1197,e6021667-f,Kevin Vargas,47,14.0,proactive,4,15483314,62.0,2024-09-19
1198,cd5e059d-4,Barry Garcia,41,10.0,proactive,7,19347105,57.15,2024-09-19
1199,e8f867c1-6,Robert Hubbard,47,15.0,conservative,4,28855600,46.51,2024-09-19
1200,d7d2da6c-7,Manuel Perez,40,4.0,proactive,7,47225350,61.26,2024-09-19
1201,75da685e-3,Timothy Moreno,48,10.0,conservative,7,64799581,39.91,2024-09-19
1202,999bfb39-a,Jesse Harris DDS,41,14.0,conservative,6,27065412,52.2,2024-09-19
1203,eb97f217-2,David Henry,51,14.0,conservative,4,29329730,43.44,2024-09-19
1204,3a39d7c5-5,Linda Howard,55,21.0,proactive,4,14488991,58.17,2024-09-19
1205,adcb80db-8,Jamie Perez,54,22.0,proactive,4,21171217,58.57,2024-09-19
1206,14a70ae8-6,Christian Hooper,50,9.0,proactive,3,30282879,61.26,2024-09-19
1207,4da6b38a-0,Robert Arias,42,3.0,conservative,3,15075117,46.42,2024-09-19
1208,d73ec7ac-4,Clayton Clark,39,5.0,proactive,8,30225264,59.14,2024-09-19
1209,e3c8ffe8-a,Robert Sandoval,51,18.0,proactive,4,26385535,63.74,2024-09-19
1210,15650285-a,William Schneider,41,7.0,proactive,7,26925205,62.02,2024-09-19
1211,bfe7ca44-3,Adam Green,57,15.0,conservative,8,31570449,52.45,2024-09-19
1212,1ba0d306-f,Kevin Williams DDS,50,8.0,proactive,4,29561686,60.03,2024-09-19
1213,8f60636e-2,Christopher Henderson,51,15.0,proactive,8,55437819,58.25,2024-09-19
1214,b0ac47b8-d,Gregory Carter,53,30.0,conservative,7,33861922,43.9,2024-09-19
1215,f42de551-5,Todd Meadows,49,4.0,proactive,8,24958136,61.55,2024-09-19
1216,7c914002-f,Charles Taylor,47,12.0,conservative,5,26453679,46.32,2024-09-19
1217,2936eb9c-5,Dr. Christine Brennan,49,12.0,conservative,5,12779172,44.59,2024-09-19
1218,df945cf8-d,Richard Harris,51,17.0,proactive,4,25666034,61.88,2024-09-19
1219,3b999596-8,Richard Allen,49,5.0,proactive,3,11362115,63.18,2024-09-19
1220,2f53dab7-3,Michael Jacobs,45,11.0,conservative,5,27773699,42.19,2024-09-19
1221,3659395a-c,Brandon Nelson,45,9.0,proactive,8,77925345,59.43,2024-09-19
1222,a9249325-6,Jimmy Bryan,42,12.0,proactive,8,16169592,58.15,2024-09-19
1223,12d2d51b-0,Paul Ward,53,22.0,proactive,4,93814071,63.89,2024-09-19
1224,b5a7d804-4,Shannon Ramsey,54,26.0,proactive,8,26591744,59.91,2024-09-19
1225,4fb33eca-0,Joseph Miller,48,4.0,conservative,3,14952628,46.74,2024-09-19
1226,602e0ac7-b,Rodney Sutton,52,17.0,conservative,6,32113154,34.09,2024-09-19
1227,63da32da-1,Stephen Peterson,46,17.0,proactive,7,10440136,60.48,2024-09-19
1228,6dbe87a1-7,Kayla Wheeler,49,11.0,proactive,6,33464796,60.85,2024-09-19
1229,91568c31-1,Timothy Everett,57,22.0,conservative,7,12388956,48.06,2024-09-19
1230,a6079f34-7,Michael Lester,43,7.0,conservative,2,20658808,42.38,2024-09-19
1231,25d775ad-a,Kevin Buck,52,19.0,proactive,7,29113481,59.66,2024-09-19
1232,be6c4dd8-0,Aaron Kennedy,48,8.0,proactive,7,51113858,63.04,2024-09-19
1233,1a6127b2-6,Jose Roberts,54,18.0,proactive,9,33393849,56.33,2024-09-19
1234,cc4226d8-b,John Zhang,47,16.0,proactive,7,14758432,63.88,2024-09-19
1235,aa819c6a-2,Donald Evans,43,12.133540372670808,conservative,3,26300714,52.3,2024-09-19
1236,9bb5a514-3,Daniel Obrien,46,9.0,conservative,8,89502718,39.61,2024-09-19
1237,2e3ddd81-d,Michael Parker,40,5.0,conservative,7,31228870,42.77,2024-09-19
1238,50869e2e-0,Aaron Nelson,47,6.0,conservative,3,11614287,45.84,2024-09-19
1239,790cb209-9,Tricia Gutierrez,37,5.0,proactive,3,18391727,61.4,2024-09-19
1240,50a9e569-f,Christopher Smith,42,11.0,conservative,4,19398597,47.45,2024-09-19
1241,9966a15f-e,Jeffrey James,48,12.0,conservative,5,11353496,44.12,2024-09-19
1242,60e8c93a-7,Mark Hahn,46,7.0,conservative,2,25006328,44.29,2024-09-19
1243,e6d6a7e4-4,Todd Hayes,48,14.0,conservative,4,70103840,41.72,2024-09-19
1244,028a9acf-f,John Williams MD,40,7.0,conservative,8,11072962,47.47,2024-09-19
1245,d86180b3-9,Steven White,48,10.0,proactive,3,50611944,59.92,2024-09-19
1246,dd4bb4f8-0,Alexander Hernandez,52,16.0,conservative,4,24066661,46.04,2024-09-19
1247,f62241c8-2,Wendy Gonzalez,47,9.0,proactive,3,12457021,61.21,2024-09-19
1248,b58c0346-c,Jeffery Fowler,40,7.0,proactive,7,12652160,61.87,2024-09-19
1249,de01375f-3,Mark Zamora,50,14.0,conservative,6,12382355,44.79,2024-09-19
1250,6cfb093a-b,Ronald Bryant,42,7.0,conservative,7,33873001,45.58,2024-09-19
1251,5da4b9fb-0,Eric Hernandez,47,13.0,conservative,6,18580086,44.92,2024-09-19
1253,23c13fec-0,Marcus Allen,51,25.0,conservative,8,19268982,38.9,2024-09-19
1254,f9bfab6e-1,Brandon Grimes,50,4.0,proactive,8,32405230,60.79,2024-09-19
1255,50ca1954-f,Edward Silva,46,12.0,proactive,8,23067645,63.25,2024-09-19
1256,d986004f-e,Eddie Baker,46,5.0,conservative,7,10233490,42.08,2024-09-19
1257,f2bc8b7d-6,Scott Wilson,46,3.0,conservative,3,53488335,48.88,2024-09-19
1258,d3d1adc9-1,Kenneth Singleton,49,11.0,conservative,6,18405928,34.86,2024-09-19
1259,ef9b7ac0-4,Michael Harris,51,11.0,proactive,4,15735831,57.48,2024-09-19
1260,07691c0d-f,Anne Hayden,47,6.0,conservative,8,30735187,47.05,2024-09-19
1261,fe3ad636-f,Christian Brown,51,10.0,conservative,7,10750770,43.24,2024-09-19
1262,7b804924-1,Mr. Micheal Cabrera,52,18.0,proactive,6,21772476,58.32,2024-09-19
1263,e557d444-e,Anna Sanders,51,6.0,conservative,3,12090353,48.74,2024-09-19
1264,ba389c6b-8,Andrew Thomas,47,7.0,conservative,3,24820380,51.0,2024-09-19
1265,9cd440c5-9,Sabrina Douglas,44,17.0,conservative,9,17239634,44.8,2024-09-19
1266,3e88edb2-f,Ronald Rose,56,29.0,proactive,4,10529747,62.07,2024-09-19
1267,5573a5ed-c,Scott Young,48,1.0,conservative,4,32789303,47.05,2024-09-19
1268,2a819968-b,Brian Vaughn,58,11.0,conservative,4,31047945,39.89,2024-09-19
1269,4280684e-5,Andrew Davidson,55,18.0,proactive,8,55417825,63.07,2024-09-19
1270,7ea1c2ea-1,Jason Schmidt,54,27.0,proactive,9,11845291,61.81,2024-09-19
1271,0865b090-c,Mario Davis,48,13.0,conservative,6,31219400,48.51,2024-09-19
1272,2ac3e9e7-b,Donald Christensen,46,8.0,proactive,3,13279767,59.88,2024-09-19
1273,117112bb-8,Victoria Smith,56,21.0,proactive,8,31370619,60.14,2024-09-19
1274,de00532c-6,Melvin Flores,51,18.0,conservative,8,25830987,50.97,2024-09-19
1275,6e573c78-8,Kyle Brown,50,7.0,proactive,2,33602397,58.93,2024-09-19
1276,366215c0-9,Joseph Burke,46,0.0,proactive,7,20476263,58.39,2024-09-19
1277,510e4a9f-b,Colin Lopez,49,6.0,proactive,2,23294840,60.82,2024-09-19
1278,0e972e06-3,Michael Farmer,47,14.0,conservative,5,13785777,39.54,2024-09-19
1279,418fabef-2,Chase Daugherty,51,18.0,proactive,7,23455732,61.96,2024-09-19
1280,05db8ada-b,Kyle Martin DDS,48,0.0,proactive,3,38275201,55.15,2024-09-19
1281,d900505e-1,Jason Scott,47,11.0,proactive,6,26630473,56.6,2024-09-19
1282,7d2217a2-0,Rodney Sanchez,44,6.0,conservative,7,12586136,40.55,2024-09-19
1283,f7a0e76b-7,Mr. Chase Goodwin,55,12.0,conservative,6,25645784,52.12,2024-09-19
1284,598e280e-2,Robert Mccoy,57,11.0,proactive,6,13772166,57.8,2024-09-19
1285,9117838e-1,Steven Guzman,49,9.0,proactive,7,22423873,57.11,2024-09-19
1286,116dfe83-c,Brandon Fox,53,26.0,proactive,9,19625218,62.41,2024-09-19
1287,7d6a854e-c,Cody Gutierrez,52,26.0,proactive,4,17886411,61.03,2024-09-19
1288,55a5b007-9,Thomas Higgins,48,6.0,proactive,2,24098365,62.56,2024-09-19
1289,e5326380-5,Christopher Wright,48,4.0,conservative,3,79196554,50.12,2024-09-19
1290,f284bb24-c,Michael Jennings,54,14.0,conservative,8,22242695,44.69,2024-09-19
1291,5f3b56db-1,Gary Quinn,49,1.0,proactive,8,89462911,59.18,2024-09-19
1292,bcc3b7c0-8,Ryan Williams,46,18.0,proactive,4,20675169,62.13,2024-09-19
1293,21d05862-0,Sabrina Wells,45,4.0,conservative,2,15272377,49.72,2024-09-19
1294,1810b982-0,Curtis Thomas,49,14.0,conservative,5,90639626,44.33,2024-09-19
1295,57f77e99-8,Robert Johnson,60,26.0,proactive,4,17792974,60.64,2024-09-19
1296,e64c4059-8,Patrick Hernandez,46,20.0,proactive,8,17248432,58.42,2024-09-19
1297,7e6a0cf5-1,Richard Ortiz,49,10.0,conservative,7,21865328,48.29,2024-09-19
1298,c4a966b0-b,Peter Rodriguez,49,5.0,conservative,8,33564827,43.14,2024-09-19
1299,e5d104b5-1,Michael Robinson,56,24.0,proactive,8,34755903,56.3,2024-09-19
